title;text;category
======Высокий заработок для девушек=======;"Приглашаем девушек для работы под инди,1-2 девушки в квартире, по своим фото(по вашему желанию закроем мозаикой глаза или полностью лицо).Ценовая политика до 5 000р/час,50/50,никаких вычетов и штрафов.График обсуждается, желательно с проживанием.Работаем не круглосуточно, к гостям относимся очень избирательно. Если вы давно хотели найти работу, где всё по-честному, спокойная обстановка и стабильный хороший заработок, тогда скорее звоните 8-929-955-77-90 ---Просим не беспокоить девушек с&hellip;";Работа для девушек
Рабочие фото, недорого. Проверка.;"Классные, рабочие фотографии. 100% гарантированное прохождение проверки. Помогаю с созданием анкеты. Телефон/телеграм/ватцап: +79688973033  Профессиональный фотограф с многолетним опытом. Есть свой студийный свет. Могу приехать к вам в апартаменты. Либо помогу с выбором фотостудии.  Фотографирую людей которые не любят и не умеют фотографироваться. Помогу, подскажу как правильно позировать. Делаю ретушь и цветокоррекцию, убираю прыщики, родинки, тату, улучшаю фигуру. На выходе получаем&hellip;";Услуги  фотографа
Фото,Видео, ретушь для прохождения.Реклама;"Фотосессии+видеоролик по тематике сайта!!!Помогаю с позами, убираю тату, улучшаю фигуру РЕТУШЬ также ВАШИХ ФОТО!!!(Убираю татуировки!УЛУЧШАЮ ФИГУРУ!!! Также монтаж видео, убираю прыщи артефакты на коже (видео) https://vk.com/rshpakov1986?w=wall152128780_1718%2Fall Могу прислать фото ДО и ПОСЛЕ Примеры работ могу скинуть! +79118437282 Руслан! WhatsApp Telegram https://www.instagram.com/photo_ruslanshpakov https://vk.com/rshpakov1986 *Отзывы&hellip;";Реклама
"&gt;Проф фотограф. Ретушь. Проверочные&lt;";"Профессиональная фотосъемка 4000р. Без ограничения по времени до получения результата.  Возможна съемка: 1. На пленере (на природе, на улицах города, в парках и т.д.).  2.В студии/гостинице (оплачиваются моделью отдельно).  3. В ваших апартаментах. (Без ограничения по времени, до получения результата).  В день съемок вы получаете все исходники на вашу электронную почту или же на любой удобный для вас облачный сервис + 10-15 откадрированных фото с цветокоррекцией. Отдельные фото по вашему&hellip;";Услуги  фотографа
+=Реклама. Звонки есть всегда!!!!;Полный спектр ведения Ваших анкет (размещение, продление, прохождение проверок и т.д.) Размещение на самых эффективных сайтах.Плюс ставлю рекламу на иностранных сайтах. Так же помогаю в поиске персонала. Демократические цены.Большой опыт работы. Оплата только по факту проделанной работы. Хотите постоянный поток звонков? Пишите reklamadosug@mail.ru WhatsApp +79584983511  ПОРЯДОЧНОСТЬ И ЧЕСТНОСТЬ ГАРАНТИРУЕТСЯ!;Реклама
Работа!,,,,,,,,,,,,,,,,,,,,Лучшие условия!;"ЭЛИТНАЯ РАБОТА!,,,,,,,,,,,,ЛУЧШИЕ УСЛОВИЯ! &#128181;&#128176;ЛУЧШАЯ ЭЛИТНАЯ РАБОТА ДЛЯ ДЕВУШКИ!&#128154;  &#128142;ИНДИВИДУАЛЬНО! &#128142;НЕ салон!&#128142;  &#10004;- ограничения по возрасту нет; &#10004;- бесплатно проживание в элитных апартаментах в центре Москвы; &#10004;- бесплатная фотосессия и реклама! &#10004;- бесплатно создание образа лучшими стилистами и визажистами Москвы! &#10004;- &#128142; Элитная &#128142;ценовая категория: от 15-20 тыс. Час и выше! &#10004;- заработная&hellip;";Работа для девушек
Ищу напарницу ЦАО;В переписку не вхожу от 30л. т.977.901.60.77;Ищу напарницу
Ретушь Фотографий корекция в лайтруме;Пишите в личку также все работы по рекламе выполняю;Услуги  фотографа
Диспетчер, Рекламщик для инди!;"Если вы работаете индивидуально и хотите увеличить свои доходы, тогда пишите Whats App 89261634340 &#9889;&#65039;Размещение рекламы на всех рабочих сайтах, &#9889;&#65039;диспетчер с приятным голосом, который четко доводит клиента до места, &#9889;&#65039;безопасно и конфиденциально! Звоните, пишите 89261634340 &#129392;";Работа диспечера
Диспетчер на удал ке,;Предлагаю услуги диспетчера и рекламщика( удаленно) опыт работы имеется. По всем вопросам в WhatsApp. 89099727364.;Работа диспечера
Реклама по персоналу.Реклама по клиентам.;Рекламное агентство ищет любые салоны и индивидуалок для долгосрочного сотрудничества.Занимаемся раскруткой и продвижением рекламы для привлечения большого потока клиентов. Также если интересует реклама по набору девушек и персонала обращайтесь и мы пришлём вам условия сотрудничества. По всем интересующим вас вопросам обращайтесь на почтовый ящик rabota.moscow111@mail.ru Телеграм @rabotamoscow111 Также можете оставить свои контакты WhatsApp.;Реклама
Ищу работу диспетчером.;8 977 135 18 30;Работа диспечера
Инди ищу диспетчера;Ищу диспетчера для сотрудничества! Я инди;Работа диспечера
Для девушек, Москва!!!;Срочно приглашаем стройных, адекватных девочек на работу(апартаменты) без выезда! 18-35лет, сотрудничаем только с адекватными и без зависимостей!  У нас хорошие мужчины и они всегда рады встрече с вами. Оплата 50/50. Ждем вас с нетерпением милые дамы пишите строго на ватсап 89629339545;Работа для девушек
Диспетчер инди;Привет. Я диспетчер девочек индивидуалок ( не контора, не салон ) Живете на квартиру одни, даю заказы 30/70. Работа по своим фото!!! +7 (963) 883-29-82 ватсап;Работа диспечера
Работа в Туле для девушек и дам в возраст;Приглашаем девушек и дам. Работаем под инди. В квартире одна девочка. Все допы и премии ваши. Платить не за что не нужно. Условия работы супер не пожалеете. Звоните пишите. 89256988122;Работа для девушек
Сдам посуточно для работы Коломенская;Сутки 2500,пишите +7 (916) 276-84-19;Аренда квартиры
Работа;"Приветствую вас милые красотки &#129392; Предлагаю вам сотрудничество на выгодных условиях&#9989; Требуются девушки для работы в Москве от 18 до 35 лет &#128522; Жилье предоставляем &#9989; Проживание по две девушки в квартире &#9989; Ежедневные выплаты&#9989; Никаких вычетов и штрафов&#9989; Безопасность и конфиденциальность гарантируем!!!! Звоните&#9989; Пишите &#9989; 24/7 8-916-698-57-13 Ждём тебя в наш дружный коллектив &#9989;&#127826;";Работа для девушек
Массажистка;Ищу работу массажисткой (без секса). Девушка, 21 год, красивая, русская. Пишите в вотсап: +79160731861;Массажистки
Работа диспетчер (администратор).;Ответственная с опытом работы, срочно ищу вакансию диспетчера или админа. График 2/2. Также могу работать и по переадресации. 8 977 135 18 30 звоните в любое время.;Работа для девушек
Работа для девушек, Москва!!!;Приглашаем 1 или 2 девушек в не большой коллектив. Большой объём работы. Зп высокая. Индивидуальный график работы. Проживание бесплатно. Звоните т.+79067758741;Работа для девушек
Ищу подругу из сферы;Желательно брюнетку, 165-175, от 10к (для работы вместе);Ищу напарницу
Массажистка.;Ищу работу массажисткой, с графиком 3/3,4/4, до 23:00-24:00. 8915 181 42 90;Массажистки
Профессиональная съемка, фотограф-девушка;Эстетичные продающие снимки. 100% Прохождение проверки.Качественная ретушь без замыливания, помощь в позировании( фотограф профессиональная модель). Есть 2 пакета услуг по разной цене. Вместе продумаем образ, дополнительно можно заказать визажиста. Исходники отдаю в ДЕНЬ(!) съёмки. Далее выбираете понравившиеся на обработку.  Пишите тут или в телеграм @WARvara00;Услуги  фотографа
Работа для инди;Приглашаем девушек на работу в Москву и область. Возраст от 18 до 35 лет. Опыт работы не важен, гибкий график работы и дружный коллектив. Предоставляем бесплатное проживание. Звоните по телефону 8925 703 26 16;Работа для девушек
+**самая эффективная реклама***;Лучшие рекомендации!!! Самая Эффективная Реклама, )) результат с первого дня))) Размещение, обновление и поднятие Ваших анкет ) Прохождение всех проверок, получение кода))) Работаю давно, добросовестно и серьезно ))) Оплата по факту)) Звоните все расскажу по телефону 79167139228 )) Елена ЧЕСТНОСТЬ И ПОРЯДОЧНОСТЬ ГАРАНТИРУЕТСЯ))) Услуги по программированию : HTML CSS JS PHP Если не ответила на звонок, пишите в Вотсап;Реклама
zПриглашаю напарницу ЦАО;Без вредных привычек.В переписку не вхожу т.977.901.60.77 от 30лет.;Ищу напарницу
Рабочие фото, недорого. Проверка.;"Классные, рабочие фотографии. 100% гарантированное прохождение проверки. Помогаю с созданием анкеты. Телефон/телеграм/ватцап: +79688973033  Профессиональный фотограф с многолетним опытом. Есть свой студийный свет. Могу приехать к вам в апартаменты. Либо помогу с выбором фотостудии.  Фотографирую людей которые не любят и не умеют фотографироваться. Помогу, подскажу как правильно позировать. Делаю ретушь и цветокоррекцию, убираю прыщики, родинки, тату, улучшаю фигуру. На выходе получаем&hellip;";Услуги  фотографа
$Реклама для инди $;"Дополнительная реклама для инди&#9829;&#65039; &#9889;&#65039;Размещение рекламы на всех рабочих сайтах, &#9889;&#65039;диспетчер с приятным голосом, который четко доводит клиента до места, &#9889;&#65039;безопасно и конфиденциально! Звоните, пишите 89261634340 &#129392;";Реклама
Работа на поток;Приглашаются девушки,работа на поток,хорошие условия и апартаменты, работа есть,доп и чай -ваш,район юзао,безопасность,звоните 8-906-794-24-12;Работа для девушек
~~~Работа~~~~Апартаменты~~~50/50~~~;Приглашаем на работу только тех, кто реально заинтересован в этом! * Возраст до 35 лет, р-р одежды до 46,ценовая политика подбирается индивидуально, всё зависит от Ваших внешних данных и услуг. * Работаем ТОЛЬКО по Вашим фото.Фотосессию делаем бесплатно. * График с 10 до 00.Адекватный коллектив, все без вредных привычек/зависимостей, чего и от Вас ждём. * Оплата 50/50,без вычетов и штрафов. * 100% гарантия спокойной работы, безопаснее места не найти. 8-929-955-77-90;Работа для девушек
Срочно!!! Работа для девушек!!!;Девушкам от 18 до 35 лет, работа, подработка. От Вас - желание работать. От нас- хорошие условия работы. Высокая зп. График работы обсуждается. Звоните т.+79067758741;Работа для девушек
Работы;"&#128142; *ДЕВУШКИ СРОЧНО ОТКРЫТ НАБОР НА VIP МЕСТА* *ГОРОД МОСКВА*  Работаем исключительно на результат и на комфортную и безопасную работу наших девочек. &#128142; *ЦЕНА ЗА ЧАС: от 100$ до 350$* &#128142; *ЗАРПЛАТА: от 5000$ до 10000$ в месяц* &#128142; ГРАФИК РАБОТЫ: Обсуждается индивидуально с каждой девушкой&#8252;&#65039; &#128142; РАБОТА ТОЛЬКО НА ВЫЕЗД! НЕ САЛОН.  &#128142; РАБОТАЕМ 50/50. ЖИЛЬ&#203; НЕ ПРЕДОСТАВЛЯЕМ.  &#128142; *100% БЕЗОПАСНО. КЛИЕНТЫ ВСЕ&hellip;";Работа для девушек
!!Работа Работа Работа!!;Приглашаем девушек 18 - 35 лет, с проживанием и по графику, цена 3500 руб/час, 60% ваши, з/п сразу, работа в раскрученном месте, отличные условия, дружный коллектив, гарантируем безопасность. Т.+7(968)628-10-59;Работа для девушек
Рекламные услуги для салонов и инди!!!!;Эффективные рекламные услуги без предоплат, индивидуальный подход, быстро и качественно За подробностями пишите в watsapp 89163582536;Реклама
Фото,Видео, ретушь для прохождения.Реклама;"Фотосессии+видеоролик по тематике сайта!!!Помогаю с позами, убираю тату, улучшаю фигуру РЕТУШЬ также ВАШИХ ФОТО!!!(Убираю татуировки!УЛУЧШАЮ ФИГУРУ!!! Также монтаж видео, убираю прыщи артефакты на коже (видео) https://vk.com/rshpakov1986?w=wall152128780_1718%2Fall Могу прислать фото ДО и ПОСЛЕ Примеры работ могу скинуть! +79118437282 Руслан! WhatsApp Telegram https://www.instagram.com/photo_ruslanshpakov https://vk.com/rshpakov1986 *Отзывы&hellip;";Реклама
"&gt;Фото для анкет. Проверочные.";"Профессиональная фотосъемка 4000р. Без ограничения по времени до получения результата.  Возможна съемка: 1. На пленере (на природе, на улицах города, в парках и т.д.).  2.В студии/гостинице (оплачиваются моделью отдельно).  3. В ваших апартаментах. (Без ограничения по времени, до получения результата).  В день съемок вы получаете все исходники на вашу электронную почту или же на любой удобный для вас облачный сервис + 10-15 откадрированных фото с цветокоррекцией. Отдельные фото по вашему&hellip;";Услуги  фотографа
Ищу работу массажисткой;Без проживания, могу работать несколько дней в неделю, район Южное Бутово/юг Калужской-Рижской или Серпуховско-Тимирязевской (возможно рассмотрю другие районы Москвы);Массажистки
СРОЧНО!!!!Работа для девушек. Ваши-50%.;Для работы на апартаментах в Москве ПРИГЛАШАЕМ девушек 18+. Оплата 50/50. ДОПы и чай Ваши. Деньги сразу на руки. Проживание предоставляем, либо подберем график удобный именно Вам. Безопасность ГАРАНТИРУЕМ!!! Работаем давно, работы МНОГО. Звоните, на связи 24 часа в сутки. Тел: 8-903-662-24-11;Работа для девушек
=++Реклама. Звонки есть всегда!!!!;Полный спектр ведения Ваших анкет (размещение, продление, прохождение проверок и т.д.) Размещение на самых эффективных сайтах.Плюс ставлю рекламу на иностранных сайтах. Так же помогаю в поиске персонала. Демократические цены.Большой опыт работы. Оплата только по факту проделанной работы. Хотите постоянный поток звонков? Пишите reklamadosug@mail.ru WhatsApp +79584983511  ПОРЯДОЧНОСТЬ И ЧЕСТНОСТЬ ГАРАНТИРУЕТСЯ!;Реклама
$$$$$$$$ Реклама для вас $$$$$$$$$;Рекламное агентство ищет любые салоны и индивидуалок для долгосрочного сотрудничества.Занимаемся раскруткой и продвижением рекламы для привлечения большого потока клиентов. Также если интересует реклама по набору девушек и персонала обращайтесь и мы пришлём вам условия сотрудничества. По всем интересующим вас вопросам обращайтесь на почтовый ящик rabota.moscow111@mail.ru Телеграм @rabotamoscow111 Также можете оставить свои контакты WhatsApp;Реклама
водитель с опытом;Ищу работу водителя. Опыт имеется. Не конфликтный. Гражданин РФ. Просьба писать на вотцап. 89268430906;Работа водителем
Элитная работа!,,,,,,,,,,,,Лучшие условия!;"&#128181;&#128176;ЛУЧШАЯ ЭЛИТНАЯ РАБОТА ДЛЯ ДЕВУШКИ!&#128154;  &#128142;ИНДИВИДУАЛЬНО! &#128142;НЕ салон!&#128142;  &#10004;- ограничения по возрасту нет; &#10004;- бесплатно проживание в элитных апартаментах в центре Москвы; &#10004;- бесплатная фотосессия и реклама! &#10004;- бесплатно создание образа лучшими стилистами и визажистами Москвы! &#10004;- &#128142; Элитная &#128142;ценовая категория: от 15-20 тыс. Час и выше! &#10004;- заработная плата: от 500 тысяч в месяц&hellip;";Работа для девушек
Сотрудничаем только с адекватными;Срочно приглашаем стройных, адекватных девочек на работу(апартаменты) без выезда! 18-35лет, сотрудничаем только с адекватными и без зависимостей!  У нас хорошие мужчины и они всегда рады встрече с вами. Оплата 50/50. Ждем вас с нетерпением милые дамы пишите строго на ватсап 89629339545;Работа для девушек
Нужны девушки на выезд!;Требуются девушки на выезд. Работа есть. Возможны разные виды сотрудничества. Водитель с 21 до 06. Без 10ки никто домой не уходит. Ватсап.;Работа для девушек
Напарницу по аренде;Цао, напарницу снимать посуточно. Интересует квартира хорошего уровня. Если ищешь так же компаньонку- напиши в личку номер вотсап для связи.;Ищу напарницу
Куплю заказы;Балашиха, Одинцово, в квартире по две девочки, час 5000р. Выезд 2 часа от 10.000р. Под 30%. Если действительно у вас есть заказы, в личку вотсап свой пишите, будем рады сотрудничеству!;Ищу работу
Ищу работу диспетчером. Опыт работы 1,5 года. На связи 24/7;;Работа диспечера
Работа без интима. Хорошие условия.;Ищем девушки для сотрудничество. Работаем в хорошем районе. Работы для всех хватает. Небольшой коллектив, все адекватные)) график обсуждаемый, есть проживание, в хороших условиях. Приходите на собеседование, вы посмотрите, мы посмотрим. 89035631043;Работа для девушек
Вакансия администратора!!!!;Приглашаем администратора с опытом работы. Желательно с коллективом. Более подробную по телефону +79035590456;Работа диспечера
Работа, подработка девушкам!!!;На работу приглаглашаем девушек. Условия хорошие. Высокий стабильный заработок  Индивидуальный график работы. Проживание предоставим. Т.+79299348303;Работа для девушек
Работа в мск проивание.;Приглашаем девушек на работу в мск, лучшие условия, работа на апартаментах, возможность проживания, прописка и национальность значения не имеют, любых комплекций и типажей. Пиши прямо сейчас WhatsApp +7 992-021-6843;Работа для девушек
Тапочки одноразовые, презервативы;Tapkivam.ru Одноразовые тапочки, полотенца, вафельные и махровые халаты, белое постельное отельное бельё (страйп сатин, Турция), всё для массажа, кокосовое масло, презервативы, лубриканты, гостиничная косметика. Доставка день заказа курьером 400р.Заказать можно на сайте Tapkivam.ru или напишите заказ мне в whats app, telegram 8-909-999-96-55 Алиса;Товары
_____ Реклама для вас ________;Рекламное агентство ищет любые салоны и индивидуалок для долгосрочного сотрудничества.Занимаемся раскруткой и продвижением рекламы для привлечения большого потока клиентов. Также если интересует реклама по набору девушек и персонала обращайтесь и мы пришлём вам условия сотрудничества. По всем интересующим вас вопросам обращайтесь на почтовый ящик rabota.moscow111@mail.ru Телеграм @rabotamoscow111 Также можете оставить свои контакты WhatsApp.;Реклама
Работа девущкам!!!;Приглашаем на работу девушек приятной внешности от 18 до 35 лет. Отличные условия апартаменты гостиничного типа, уборщица, охрана. Час для гостя 6000, з/п сразу 60/40 в вашу пользу. Т.+7 903 778 34 72;Работа для девушек
"Требуются девушки для работы в Москве!! &#128536;";"Проживание по 2 девушки в квартире&#9989; Не бардель, работа есть&#128154;&#9989; Работа под инди&#9786;&#128536; Можно работать вахтовым методом также и по графику&#9989; Звоните!! Пишите!! 8-916-698-57-13 Ждём тебя в наш дружный коллектив&#128536;&#128536;&#129392;";Работа для девушек
Работа для инди;Работа для девушек от 18 до 35 лет, Опыт работы не важен, всему научим. Работать вахтой или по графику. Иногородним предоставим бесплатное жилье в Москве. Пишите в ватсап или звоните 8925 703 26 16;Работа для девушек
Ищу девушку массажистку на график 3/7;Ищу девушку для работы массажисткой недалёко от метро Новогиреево, 59 50/50, допы, чай ваш, на график с пятницы по воскресенье, 3 дня в неделю. Все вопросы по телефону 89296652071;Массажистки
Много работы под инди 5 тыс;Приглашаем на работу, работы реально очень много! Час от 5 тыс, 50/50, предоставляем отдельную квартиру в ЖК бизнес-класса с хорошим ремонтом) от вас только приятная внешность и желание зарабатывать, мы действительно создали все условия для вашего комфорта и безопасности. Как только приедете, начнёте зарабатывать сразу же! Ночью не работаем, днём клиенты идут один за другим!!! Звоните или пишите WhatsApp 89775760098;Работа для девушек
Ведётся набор девушек на новую квартиру;"Работа по своим фото,50/50;допы и чай ваши. Никаких штрафов и вычетов. З.п.сразу на руки. Есть варианты работы с интимом и без. Вотсап 89601410374";Работа для девушек
Рабочие фото, недорого. Проверка.;"Классные, рабочие фотографии. 100% гарантированное прохождение проверки. Помогаю с созданием анкеты. Телефон/телеграм/ватцап: +79688973033  Профессиональный фотограф с многолетним опытом. Есть свой студийный свет. Могу приехать к вам в апартаменты. Либо помогу с выбором фотостудии.  Фотографирую людей которые не любят и не умеют фотографироваться. Помогу, подскажу как правильно позировать. Делаю ретушь и цветокоррекцию, убираю прыщики, родинки, тату, улучшаю фигуру. На выходе получаем&hellip;";Услуги  фотографа
Работа для девушек!!!поток!!!;Приглашаются девушки, работа на поток,район ЮЗАО,график свободный,можно с проживанием,безопасность,много работы звоните 8-906-794-24-12;Работа для девушек
**самая эффективная реклама**-;Лучшие рекомендации!!! Самая Эффективная Реклама, )) результат с первого дня))) Размещение, обновление и поднятие Ваших анкет ) Прохождение всех проверок, получение кода))) Работаю давно, добросовестно и серьезно ))) Оплата по факту)) Звоните все расскажу по телефону 79167139228 )) Елена ЧЕСТНОСТЬ И ПОРЯДОЧНОСТЬ ГАРАНТИРУЕТСЯ))) Услуги по программированию : HTML CSS JS PHP Если не ответила на звонок, пишите в Вотсап;Реклама
!!РаботаРабота!!;Приглашаем девушек 18 - 35 лет, с проживанием и по графику, цена 3500 руб/час, 60% ваши, з/п сразу, работа в раскрученном месте, отличные условия, дружный коллектив, гарантируем безопасность. Т.+7(968)628-10-59;Работа для девушек
Работа под инди в одинцово;Всем привет! Приглашаем 1-2 девушки для работы под инди. Работаем с 12-00 до 02-00, с утра можно все свои дела поделать. Без штрафов и вычетов! Работаем по 3000 50/50,грамотные с большим опытом диспетчера, русское руководство. Все вопросы по телефону 89165593721;Работа для девушек
=========Работа=Апартаменты=50/50========;"Приглашаем девушек для работы под инди,1-2 девушки в квартире, по своим фото(по вашему желанию закроем мозаикой глаза или полностью лицо).Ценовая политика до 5 000р/час,50/50,никаких вычетов и штрафов.График обсуждается, желательно с проживанием.Работаем не круглосуточно, к гостям относимся очень избирательно. Если вы давно хотели найти работу, где всё по-честному, спокойная обстановка и стабильный хороший заработок, тогда скорее звоните 8-929-955-77-90 ---Просим не беспокоить девушек с&hellip;";Работа для девушек
Фото рабочие проверочные;"Сделаю тебе качественные фото для анкеты, для себя, арт-ню, мет-арт, что угодно по запросу  Помогу с индивидуальнйо подачей себя на сайте  Разные локации, договорные цены  Снимаю в студии, дома, отеле, улице.  Кроме студийных съемок могу организовать фотосесси в живописных местах Подмосковья, на природе, заброшках, усадьбах, знаю много интересных локаций  Цены обговариваются индивидуально в зависимости от потребностей. Работаем до результат. Проверочные фото входят в стоимость  Пишите в&hellip;";Услуги  фотографа
Фотосессия. Проверочные. Ретушь.;"Профессиональная фотосъемка 4000р. Без ограничения по времени до получения результата.  Возможна съемка: 1. На пленере (на природе, на улицах города, в парках и т.д.).  2.В студии/гостинице (оплачиваются моделью отдельно).  3. В ваших апартаментах. (Без ограничения по времени, до получения результата).  В день съемок вы получаете все исходники на вашу электронную почту или же на любой удобный для вас облачный сервис + 10-15 откадрированных фото с цветокоррекцией. Отдельные фото по вашему&hellip;";Услуги  фотографа
Профессиональная фотосессия;Приглашаю Вас на фотосъемку  Подберу фотостудию Помогу с выбором образа Помощь с позированием Так же возможна сьемка у Вас или в отеле, приезжаю со студийным светом  Обращаясь ко мне, вы получаете: -качественные фото и ретушь -оперативность -индивидуальной подход -адекватные цены -конфиденциальность  Стоимость и примеры работ отправлю в WhatsApp +79265621923 Михаил;Услуги  фотографа
Ретушь не дорого оплата по факту;Обработка Raw файлов, ретушь, исправление фигуры, цветокорекция... оплата по факту... партфолио пока нет;Услуги  фотографа
Купим заказы под 30%;Апартаменты 7-10тыс/час, выезд 15тыс/2часа. Девушки Молодые, красивые. Пишите в личку. Будем рады долгосрочному сотрудничеству.;Ищу работу
Фото,Видео, ретушь для прохождения.Реклама;"Фотосессии+видеоролик по тематике сайта!!!Помогаю с позами, убираю тату, улучшаю фигуру РЕТУШЬ также ВАШИХ ФОТО!!!(Убираю татуировки!УЛУЧШАЮ ФИГУРУ!!! Также монтаж видео, убираю прыщи артефакты на коже (видео) https://vk.com/rshpakov1986?w=wall152128780_1718%2Fall Могу прислать фото ДО и ПОСЛЕ Примеры работ могу скинуть! +79118437282 Руслан! WhatsApp Telegram https://www.instagram.com/photo_ruslanshpakov https://vk.com/rshpakov1986 *Отзывы&hellip;";Реклама
Работа в Туле для девушек и дам в возраст;Приглашаем девушек и дам которые хотят зарабатывать. Работаем под инди. В квартире одна девочка, все допы и премии ваши, денюжка сразу. Приезжайте, поработаем, без обмана. Условия работы супер. Звоните пишите всё обсудим 89256988122;Работа для девушек
$ Эффективная реклама для Инди $;"Если вы работаете индивидуально и хотите увеличить свои доходы, тогда пишите Whats App 89261634340. &#9889;&#65039;Размещение рекламы на всех рабочих сайтах, &#9889;&#65039;диспетчер с приятным голосом, который четко доводит клиента до места, &#9889;&#65039;безопасно и конфиденциально! Звоните, пишите 89261634340 &#129392;";Реклама
=++Реклама. Звонки есть всегда!!!;Полный спектр ведения Ваших анкет (размещение, продление, прохождение проверок и т.д.) Размещение на самых эффективных сайтах.Плюс ставлю рекламу на иностранных сайтах. Так же помогаю в поиске персонала. Демократические цены.Большой опыт работы. Оплата только по факту проделанной работы. Хотите постоянный поток звонков? Пишите reklamadosug@mail.ru WhatsApp +79584983511  ПОРЯДОЧНОСТЬ И ЧЕСТНОСТЬ ГАРАНТИРУЕТСЯ!;Реклама
Проверочные, анкетные фото и видео;Фото и видео проверочные и анкетные! Приеду к Вам, или поедем в парк, или загород, на водоём и сделаю хорошие фото или видеоролик. Будут как студийные! Креативный подход, помощь с подбором стиля. Не ограничиваю по времени и количеству фото. Фото всегда проходят проверку! 100% прохождение проверки могу гарантировать только если и анкетные, и проверочные фото делаю я, а не по отдельности! Съемка стоит 4000 руб, ретушь 10 фото 1000 руб  89999631815 есть вотсап, телеграм;Услуги  фотографа
водитель;Ищу работу. Интересует вакансия водителя ( опыт имеется ).;Работа водителем
Ищу работу на выезд. Сочи.;ИЩУ РАБОТУ НА ВЫЕЗД. СОЧИ. Интересует сотрудничество в городе Сочи. Мне 19, стройная, красивая, без алко и нарко зависимостей. Желательно с проживанием. Ксюша - 89670219923(whatsapp);Ищу работу
Профессиональная съемка, фотограф-девушка;Эстетичные продающие снимки. 100% Прохождение проверки.Качественная ретушь без замыливания, помощь в позировании( фотограф профессиональная модель). Есть 2 пакета услуг по разной цене. Вместе продумаем образ, дополнительно можно заказать визажиста. Исходники отдаю в ДЕНЬ(!) съёмки. Далее выбираете понравившиеся на обработку.  Пишите тут или в телеграм @WARvara00;Услуги  фотографа
Профессиональный фотограф;Фотограф с многолетним стажем! Помогу с созданием образа. Выбор студии под образ. Помощь в позировании. Возможна запись короткого видеоролика. Конфиденциальность гарантируется!  Wokue@yandex.ru +79259376775 Можно писать в telegramm, wats app;Услуги  фотографа
$ Эффективная реклама для Инди $;"Если вы работаете индивидуально и хотите увеличить свои доходы, тогда пишите Whats App 89261634340&#9829;&#65039; &#9889;&#65039;Размещение рекламы на всех рабочих сайтах, &#9889;&#65039;диспетчер с приятным голосом, который четко доводит клиента до места, &#9889;&#65039;безопасно и конфиденциально! Звоните, пишите 89261634340 &#129392;";Реклама
приглашаем массажисток! много работы$!;Требуются девушки в раскрученный массажный салон, с большой базой постоянных клиентов. Работа есть и ее много! Выплаты каждый день. Проживание бесплатно. Без вредных привычек! Вся информация по телефону 89035314869;Массажистки
работа в одинцово!!!;всем привет! приглашаю 1-2 девушки для работы под инди. работаем с 12-00 до 02-00, с утра можно все свои дела поделать. без штрафов и вычетов! грамотные с большим опытом диспетчера, русское руководство. все вопросы по телефону 89165593721;Работа для девушек
Вакансия администратора;В потоковый салон приглашаем администратора. Сопытом работы, ответственную, стрессоустойчивую. График работы 2/2. Достойную з/п гарантируем. Звоните 8 925 837 43 55.;Работа диспечера
Ищем девушек для сотрудничество.;Ищем девушек для сотрудничества) Работа без интима.От 18 до 30лет. Наши условия:удобный график работы, бесплатное обучение, дружный коллектив, ежедневные выплаты, хороший интерьер. Ищем коммуникабельных, пунктуальных, ответственных. Работаем недалеко от центра, гости хорошие. Звоните 89035630151;Работа для девушек
Элитно!,,,,,,,,,,,,,vip,,,,,,,,,,,,Работа!;"&#128181;&#128176;ЛУЧШАЯ ЭЛИТНАЯ РАБОТА ДЛЯ ДЕВУШКИ!&#128154;  &#128142;ИНДИВИДУАЛЬНО! &#128142;НЕ салон!&#128142;  &#10004;- ограничения по возрасту нет; &#10004;- бесплатно проживание в элитных апартаментах в центре Москвы; &#10004;- бесплатная фотосессия и реклама! &#10004;- бесплатно создание образа лучшими стилистами и визажистами Москвы! &#10004;- &#128142; Элитная &#128142;ценовая категория: от 15-20 тыс. Час и выше! &#10004;- заработная плата: от 500 тысяч в месяц&hellip;";Работа для девушек
Проверочные и анкетные фото и видео,;Фото и видео проверочные и анкетные! Приеду к Вам, или поедем в парк, или загород, на водоём и сделаю хорошие фото или видеоролик. Будут как студийные! Креативный подход, помощь с подбором стиля. Не ограничиваю по времени и количеству фото. Фото всегда проходят проверку! 100% прохождение проверки могу гарантировать только если и анкетные, и проверочные фото делаю я, а не по отдельности! Съемка стоит 4000 руб, ретушь 10 фото 1000 руб  89999631815 есть вотсап, телеграм;Услуги  фотографа
Хорошие заработки для девушек!!!;Приглашаем для девушек от 18 до 35 лет. Хорошие условия для работы. Работать можно по графику и с проживанием. Более подробно по т. +79035590456;Работа для девушек
Доп набор девочек;"Требуются девушки приятной внешности для работы под инди. Работы очень много. Цена часа зависит от ваших внешних данных. Многие по 5000р за чач работают у нас. Москва и Подмосковье. 50/50%, чай, допы ваши. Работа днем. Можно по графику, либо с проживанием. Вычетов за квартиру нету. Безопасно. Своя база клиентов, работы много. Только для адекватных, настрелянных на работу девушек. Нарко, алко зависимых не беспокоить! Однодневок, которые прыгают с места на место не беспокоить! Только для&hellip;";Работа для девушек
Приглашаем;Срочно приглашаем стройных, адекватных девочек на работу(апартаменты) без выезда! 18-35лет, сотрудничаем только с адекватными и без зависимостей!  У нас хорошие мужчины и они всегда рады встрече с вами. Оплата 50/50. Ждем вас с нетерпением милые дамы пишите строго на ватсап 89629339545;Работа для девушек
Работа для девушек от 18 до 35 лет, симпатичной и ухоженный внеу. Работать можно вахтой или по графику. Деньги выплачиваем каждый день. Предоставим бесплатное жилье. Пишите в ватсап или звоните 8925 703 26 16;;Работа для девушек
Работа! Выезд! Москва!;"&#128142; *ДЕВУШКИ СРОЧНО ОТКРЫТ НАБОР НА VIP МЕСТА* *ГОРОД МОСКВА*  Работаем исключительно на результат и на комфортную и безопасную работу наших девочек. &#128142; *ЦЕНА ЗА ЧАС: от 100$ до 350$* &#128142; *ЗАРПЛАТА: от 5000$ до 10000$ в месяц* &#128142; ГРАФИК РАБОТЫ: Обсуждается индивидуально с каждой девушкой&#8252;&#65039; &#128142; РАБОТА ТОЛЬКО НА ВЫЕЗД! НЕ САЛОН.  &#128142; РАБОТАЕМ 50/50. ЖИЛЬ&#203; НЕ ПРЕДОСТАВЛЯЕМ.  &#128142; *100% БЕЗОПАСНО. КЛИЕНТЫ ВСЕ&hellip;";Работа для девушек
Знакомство для вирта;Девушкапознакомится с девушкой для совместного вирт шоу на канале с более чем 7000 аудиторией. Условия все делим пополам.;Ищу напарницу
Работа для девушек!!!;Приглашам девушек от 18 до 35,в Подмосковье, без вредных привычек, работаем на потоке, работы очень много, все подробности по телефону, 89774293571;Работа для девушек
-**самая эффективная реклама**-;Лучшие рекомендации!!! Самая Эффективная Реклама, )) результат с первого дня))) Размещение, обновление и поднятие Ваших анкет ) Прохождение всех проверок, получение кода))) Работаю давно, добросовестно и серьезно ))) Оплата по факту)) Звоните все расскажу по телефону 79167139228 )) Елена ЧЕСТНОСТЬ И ПОРЯДОЧНОСТЬ ГАРАНТИРУЕТСЯ))) Услуги по программированию : HTML CSS JS PHP Если не ответила на звонок, пишите в Вотсап;Реклама
Работа в Мск для девушек..;Приглашаем девушек на работу в мск, лучшие условия, работа на апартаментах, возможность проживания, прописка и национальность значения не имеют, любых комплекций и типажей. Пиши прямо сейчас WhatsApp +7 992-021-6843;Работа для девушек
Работа для девушек!!!;Приглашаем на работу девушек приятной внешности от 18 до 35 лет. Отличные условия апартаменты гостиничного типа, уборщица, охрана. Час для гостя 6000, з/п сразу 60/40 в вашу пользу. Т.+7 903 778 34 72;Работа для девушек
Ищу вакансию Диспетчер по переадресации;Опыт работы более 15ти лет. Есть пробивка. Дома тихо и спокойно. Сосредоточена на работе.;Работа диспечера
Рабочие фото, недорого. Проверка.;"Классные, рабочие фотографии. 100% гарантированное прохождение проверки. Помогаю с созданием анкеты. Телефон/телеграм/ватцап: +79688973033  Профессиональный фотограф с многолетним опытом. Есть свой студийный свет. Могу приехать к вам в апартаменты. Либо помогу с выбором фотостудии.  Фотографирую людей которые не любят и не умеют фотографироваться. Помогу, подскажу как правильно позировать. Делаю ретушь и цветокоррекцию, убираю прыщики, родинки, тату, улучшаю фигуру. На выходе получаем&hellip;";Услуги  фотографа
Работа для девушек.Под инди.;Предлагаем работу в апартаментах, с проживанием или по графику. У нас не салонные варианты, исключительно под инди. Работаем не круглосуточно. Проживание бесплатно. Без дополнительных выплат с вашей стороны. Ценовая категория осуждается индивидуально. По процентам 50/50. ЗП ежедневно без штрафов и вычетов! От Вас требуется желание взаимодействовать и зарабатывать. Мы своё дело знаем, успех гарантирова! +79855065057 Whatsapp,Telegram.[цветок];Работа для девушек
^^^^-Работа-^-Апартаменты-^-Под инди-^^^^;"^^^-Работа-^-Апартаменты-^-Под инди-^^^^^Приглашаем девушек любой национальности от 18 до 35 лет, р-р одежды до 46.Ценовая политика до 5 000р/час,50/50,по своим фото(по вашему желанию закроем мозаикой глаза или полностью лицо),под инди-не более 2 дев в квартире, без выезда.Никакой толпы, индивидуальный подход, лояльное отношение. Интересуют честные и ответственные,СТРОГО без алко и нарко зависимостей.Полная безопасность, хорошие гости, пьяных и быдло не принимаем.На рекламе не экономим, что гарантирует Вам высокий и стабильный&hellip;";Работа для девушек
РаботаРаботаРабота!;Приглашаем девушек 18 - 35 лет, с проживанием и по графику, цена 3500 руб/час, 60% ваши, з/п сразу, работа в раскрученном месте, отличные условия, дружный коллектив, гарантируем безопасность. Т.+7(968)628-10-59;Работа для девушек
Проф фотограф. Ретушь. Проверочные.;"Профессиональная фотосъемка 4000р. Без ограничения по времени до получения результата.  Возможна съемка: 1. На пленере (на природе, на улицах города, в парках и т.д.).  2.В студии/гостинице (оплачиваются моделью отдельно).  3. В ваших апартаментах. (Без ограничения по времени, до получения результата).  В день съемок вы получаете все исходники на вашу электронную почту или же на любой удобный для вас облачный сервис + 10-15 откадрированных фото с цветокоррекцией. Отдельные фото по вашему&hellip;";Услуги  фотографа
$$$$$$$$ Реклама для вас $$$$$$$$$;Рекламное агентство ищет любые салоны и индивидуалок для долгосрочного сотрудничества.Занимаемся раскруткой и продвижением рекламы для привлечения большого потока клиентов. Также если интересует реклама по набору девушек и персонала обращайтесь и мы пришлём вам условия сотрудничества. По всем интересующим вас вопросам обращайтесь на почтовый ящик rabota.moscow111@mail.ru Телеграм @rabotamoscow111 Также можете оставить свои контакты WhatsApp.;Реклама
___________реклама~поток работы__________;Звонки сразу. Апартаменты и выезд. Проходящие. Помощь инди от 10к.  8-985-353-88-64 whatsapp/telegram;Реклама
Ищу работу админом или диспом;89774828587 33 года. Опыт работы есть.;Работа диспечера
=++Реклама. Звонки есть всегда!!;Полный спектр ведения Ваших анкет (размещение, продление, прохождение проверок и т.д.) Размещение на самых эффективных сайтах.Плюс ставлю рекламу на иностранных сайтах. Так же помогаю в поиске персонала. Демократические цены.Большой опыт работы. Оплата только по факту проделанной работы. Хотите постоянный поток звонков? Пишите reklamadosug@mail.ru WhatsApp +79584983511  ПОРЯДОЧНОСТЬ И ЧЕСТНОСТЬ ГАРАНТИРУЕТСЯ!;Реклама
Фото,Видео, ретушь для прохождения.Реклама;"Фотосессии+видеоролик по тематике сайта!!!Помогаю с позами, убираю тату, улучшаю фигуру РЕТУШЬ также ВАШИХ ФОТО!!!(Убираю татуировки!УЛУЧШАЮ ФИГУРУ!!! Также монтаж видео, убираю прыщи артефакты на коже (видео) https://vk.com/rshpakov1986?w=wall152128780_1718%2Fall Могу прислать фото ДО и ПОСЛЕ Примеры работ могу скинуть! +79118437282 Руслан! WhatsApp Telegram https://www.instagram.com/photo_ruslanshpakov https://vk.com/rshpakov1986 *Отзывы&hellip;";Реклама
Квартира;Ищу квартиру на серый ветке район отрадное или владикино;Аренда квартиры
Ищу работу на выезд. Сочи.;Интересует сотрудничество в городе Сочи. Мне 19, стройная, красивая, без алко и нарко зависимостей. Желательно с проживанием. Ксюша - 89670219923(whatsapp):-*;Ищу работу
___Работа ПОД ИНДИ. Москва. Оплата 50/50__;Приглашаем девушку для работы ПОД ИНДИ на апартаментах в Москве. Требование: возраст 18-40 лет, приятная внешность, отсутствие вредных привычек, гражданство любое. Предлагаем: выгодные условия работы, комфортабельные апартаменты (проживание приветствуется), индивидуальный график, полное размещение и ведение рекламы, безопасность и конфидециальность ГАРАНТИРУЕМ! Оплата 50/50% сразу, ДОПы и Чай полностью Ваши. Штрафы и вычеты ОТСУТСТВУЮТ! 8-903-512-70-25;Работа для девушек
______Требуются девушки!Московская область;В ближайшее Подмосковье требуются девушки от 18-40 лет!Работы много!Хорошие апартаменты!Адекватное руководство! 89250198086;Работа для девушек
"Требуются девушки для работы в Москве&#9989;";"Работа под инди, не бардель &#9989; Проживание по две девушки в квартире &#129392; Работа есть!! Звоните пишите!! 8-936-666-07-29";Работа для девушек
Работа под инди;Приглашаем девушек на работу в Москву и область. Гражданство не важно, работать можно вахтой или по графику. Высокая зарплата и дружный коллектив. Предоставляем бесплатное проживание. Звоните по телефону 89672998476 или пишите на ватсап;Работа для девушек
Работа, подработка девушкам!!!;Работа, Москва. Приглашаем девушек от 18 до 35 лет. Условия хорошие. Зп.высокая. График работы индивидуальный. Можно с проживанием. Звоните т.+79299348303;Работа для девушек
Проверочные и анкетные фото или видео.;Фото и видео проверочные и анкетные! Приеду к Вам, или поедем в парк, или загород, на водоём и сделаю хорошие фото или видеоролик. Будут как студийные! Креативный подход, помощь с подбором стиля. Не ограничиваю по времени и количеству фото. Фото всегда проходят проверку! 100% прохождение проверки могу гарантировать только если и анкетные, и проверочные фото делаю я, а не по отдельности! Съемка стоит 4000 руб, ретушь 10 фото 1000 руб  89999631815 есть вотсап, телеграм;Услуги  фотографа
Профессиональная съемка, фотограф-девушка;Эстетичные продающие снимки. 100% Прохождение проверки.Качественная ретушь без замыливания, помощь в позировании( фотограф профессиональная модель). Есть 2 пакета услуг по разной цене. Вместе продумаем образ, дополнительно можно заказать визажиста. Исходники отдаю в ДЕНЬ(!) съёмки. Далее выбираете понравившиеся на обработку.  Пишите тут или в телеграм @WARvara00;Услуги  фотографа
Ищу вакансию Диспетчер по переадресации;Опыт работы 15 лет, пробивка. Все тихо и сп;Работа диспечера
Рекламные услуги для салонов и инди!!!;Эффективные рекламные услуги без предоплат, индивидуальный подход, быстро и качественно За подробностями пишите в watsapp 89163582536;Реклама
Много работы от 5 тыс час);Приглашаем на работу, работы реально очень много! Час от 5 тыс, 50/50, предоставляем отдельную квартиру в ЖК бизнес-класса с хорошим ремонтом) от вас только приятная внешность и желание зарабатывать, мы действительно создали все условия для вашего комфорта и безопасности. Как только приедете, начнёте зарабатывать сразу же! Ночью не работаем, днём клиенты идут один за другим!!! Звоните или пишите WhatsApp 89775760098;Работа для девушек
Работа на потоке!!!;Салоны приглашают девушек от 20 лет национальность значения не имеет. График индивидуальный для каждой девушки, возможно проживания. Круглосуточно охрана видеонаблюдения, штрафов и иных выплат нет, деньги после часа на руки. Часы работы с12.00 до5.00 тел. 89161262416 вацап. 89154068956;Работа для девушек
-***самая эффективная реклама**-;Лучшие рекомендации!!! Самая Эффективная Реклама, )) результат с первого дня))) Размещение, обновление и поднятие Ваших анкет ) Прохождение всех проверок, получение кода))) Работаю давно, добросовестно и серьезно ))) Оплата по факту)) Звоните все расскажу по телефону 79167139228 )) Елена ЧЕСТНОСТЬ И ПОРЯДОЧНОСТЬ ГАРАНТИРУЕТСЯ))) Услуги по программированию : HTML CSS JS PHP Если не ответила на звонок, пишите в Вотсап;Реклама
Много работы от 5 тыс;Работы очень много, предоставим отдельную квартиру с хорошим ремонтом, работаем до 2 часов ночи, час от 5 тыс, 50/50, гарантируем доход в день от 25 тыс, от вас только приятная внешность!!! Условия более чем хорошие... WhatsApp 89629457012;Работа для девушек
Открывается новая квартира и ведётся набор;Девушек. Возраст от18до35, до46р. Нациальность неважна! Работа под инди, ЖЕЛАТЕЛЬНО с проживанием. Без штрафов и вычетов, час от 2500,50/50.допы, чаевые ваши. Пишите, звоните в вотсап:89056803476;Работа для девушек
Лучшие условия!,,,,vip,,,,,Элитная работа!;"&#128181;&#128176;ЛУЧШАЯ ЭЛИТНАЯ РАБОТА ДЛЯ ДЕВУШКИ!&#128154;  &#128142;ИНДИВИДУАЛЬНО! &#128142;НЕ салон!&#128142;  &#10004;- ограничения по возрасту нет; &#10004;- бесплатно проживание в элитных апартаментах в центре Москвы; &#10004;- бесплатная фотосессия и реклама! &#10004;- бесплатно создание образа лучшими стилистами и визажистами Москвы! &#10004;- &#128142; Элитная &#128142;ценовая категория: от 15-20 тыс. Час и выше! &#10004;- заработная плата: от 500 тысяч в месяц&hellip;";Работа для девушек
Приглашаем девушек на работу! На поток!;Приглашаем на работу с проживанием метро люблино 50/50 обращаться на ватсап 7926 340 80 21;Работа для девушек
Добрый день, подскажите пожалуйста. Где лучше работа Самара, Краснодар или Старвополь.;;Работа для девушек
Рабочие фото, недорого. Проверка.;"Классные, рабочие фотографии. 100% гарантированное прохождение проверки. Помогаю с созданием анкеты. Телефон/телеграм/ватцап: +79688973033  Профессиональный фотограф с многолетним опытом. Есть свой студийный свет. Могу приехать к вам в апартаменты. Либо помогу с выбором фотостудии.  Фотографирую людей которые не любят и не умеют фотографироваться. Помогу, подскажу как правильно позировать. Делаю ретушь и цветокоррекцию, убираю прыщики, родинки, тату, улучшаю фигуру. На выходе получаем&hellip;";Услуги  фотографа
___________реклама~поток работы__________;Звонки сразу. Апартаменты и выезд. Проходящие. Готовые варианты для салонов.  8-985-353-88-64 whatsapp/telegram;Реклама
Ищем двух адекватных девушек;Работа под инди:-)Строго по своим фото.Никаких штрафов и вычетов. Есть варианты работы с интимом и без час от 2500;Работа для девушек
Работа для девушек!!!поток!!!;Приглашаются девушки от 18-40,работаем на поток, если ваша реклама 50/50,чай и допы -ваши,безопасность, работы много,звоните 8-965-218-17-33;Работа для девушек
Предложение для Инди;"Если вы работаете индивидуально и хотите увеличить свои доходы, тогда пишите Whats App 89261634340.  &#9889;&#65039;Размещение рекламы   &#9889;&#65039;диспетчер с приятным голосом, который четко доводит клиента до места,  &#9889;&#65039;безопасно и конфиденциально!  Звоните, пишите 89261634340";Работа для девушек
!!Работа девушкам!!;Приглашаем девушек 18 - 35 лет, с проживанием и по графику, цена 3500 руб/час, 60% ваши, з/п сразу, работа в раскрученном месте, отличные условия, дружный коллектив, гарантируем безопасность. Т.+7(968)628-10-59;Работа для девушек
Работа для девушек.Под инди.Москва.;Предлагаем работу в апартаментах, с проживанием или по графику. У нас не салонные варианты. Работаем не круглосуточно. Проживание бесплатно. Без дополнительных выплат с вашей стороны. Ценовая категория осуждается индивидуально. По процентам 50/50. ЗП ежедневно без штрафов и вычетов! От Вас требуется желание взаимодействовать и зарабатывать. Мы своё дело знаем. +79855065057 Whatsapp,Telegram.;Работа для девушек
Работа для девушек;Приглашаем девушек на работу в Москву и область. Гражданство не важно, работать можно вахтой или по графику. Высокая зарплата и дружный коллектив. Иногородним предоставим бесплатное жилье в Москве. Пишите в ватсап или звоните 8925 703 26 16;Работа для девушек
..Проверочные, фотосет, ретушь...;Быстро, качественно, не дорого сделаю красивую фотосессию. Ретушь профессиональная, выглядит естественно.Провепочные проверку проходят.8 985 881 44 01 Лина.;Услуги  фотографа
VIP работа на выезд в Москве!;"*ЭЛИТНАЯ РАБОТА ДЛЯ КРАСИВЫХ МОЛОДЫХ ДЕВУШЕК В МОСКВЕ.. НЕ САЛОН*  &#128142;ИНДИВИДУАЛЬНО! &#128142; РАБОТА НА ВЫЕЗД! &#128142;НЕ САЛОН!&#128142;  &#9989; Типаж любой.  &#9989; От 18 до 25 лет, если выглядите моложе, отлично!  &#9989; Без лишнего веса.  &#9989; Хорошие внешние данные.  &#9989; Ответственность.  &#9989; Желание хорошо работать.  &#9989; Никаких проблем с алкоголем и наркотиками.  &#9989; &#128142; Элитная ценовая категория &#128142; от 100$ до 350$ за час.  &#9989;&hellip;";Работа для девушек
Приглашаем администратора;Строго опытом,график 2.2,без зависимостей,ответственную, чистоплотную, условия хорошие по телефону,звоните или пишите в ват сап 8 906 074 98 87[нравится];Работа диспечера
,приглашаю напарницу ЦАО;Без вредных привычек.В переписку не вхожу т.977.901.60.77;Ищу напарницу
Купим заказы под 30%;Апартаменты 7-10тыс/час, выезд 15-20тыс/2 часа. Девушки молодые 18-20 лет. Пишите в личку. Будем рады долгосрочному сотрудничеству.;Ищу работу
Профессиональный фотограф;Фотограф с многолетним стажем! Помогу с созданием образа. Выбор студии под образ. Помощь в позировании. Возможна запись короткого видеоролика. Конфиденциальность гарантируется!  Wokue@yandex.ru +79259376775 Можно писать в telegramm, wats app;Услуги  фотографа
Выезд круглосуточно!;Есть выезда в разных ценовых и для многих типажей. Есть свой водитель можно работать из машины из дома из нашей квартиры в центре москвы. Все вопросы в ватсап!;Работа для девушек
Ищу работу диспом.;С опытом работы,2/2. Русская, приятный голос, грамотная речь, ответственность в работе. 89771351830;Работа диспечера
Работа под инди, от 5 тыс;Работы очень много, предоставим отдельную квартиру с хорошим ремонтом, работаем до 2 часов ночи, час от 5 тыс, 50/50, гарантируем доход в день от 25 тыс, от вас только приятная внешность!!! Условия более чем хорошие... 89629457012;Работа для девушек
Предложение для Инди;"Если вы работаете индивидуально и хотите увеличить свои доходы, тогда пишите Whats App 89261634340&#9829;&#65039; &#9889;&#65039;Размещение рекламы на всех рабочих сайтах, &#9889;&#65039;диспетчер с приятным голосом, который четко доводит клиента до места, &#9889;&#65039;безопасно и конфиденциально! Звоните, пишите 89261634340 &#129392;";Работа для девушек
Фотосессия + ретушь;Эффективная реклама, фотосессия и ретушь. Качественное обслуживание. Большой спектр рекламы + отчеты по ней. Прохождение всех проверок, получение кода. Размещение, обновление и поднятие Ваших анкет. 89263887172;Услуги  фотографа
Ищем двух адекватных девушек;От 18до35.до 46р.График желательно с проживанием.50/50.Требуются ответственные девчонки с большим желанием работать. Есть варианты работы с интимом и без. Все вопросы в личку;Работа для девушек
Работа на лучших условиях!!!;Приглашаем девушек от 18 до 35 лет. Коллектив не большой. Работы много. Хорошие условия.  По желанию можно с проживанием. Более подробно по т. +79299348303;Работа для девушек
работа на выезд! москва!;"&#128142; *ДЕВУШКИ СРОЧНО ОТКРЫТ НАБОР НА VIP МЕСТА* Работаем исключительно на результат и на комфортную и безопасную работу наших девочек. &#128142; *ЦЕНА ЗА ЧАС: от 100$ до 350$* &#128142; *ЗАРПЛАТА: от 5000$ до 10000$ в месяц* &#128142; ГРАФИК РАБОТЫ: Обсуждается индивидуально с каждой девушкой&#8252;&#65039; &#128142; РАБОТА ТОЛЬКО НА ВЫЕЗД! НЕ САЛОН.  &#128142; РАБОТАЕМ 50/50. ЖИЛЬ&#203; НЕ ПРЕДОСТАВЛЯЕМ.  &#128142; *100% БЕЗОПАСНО. КЛИЕНТЫ ВСЕ ПРОВЕРЯЮТСЯ.* &#128142; РЕКЛАМА:&hellip;";Работа для девушек
Много работы под инди, от 5 тыс!!!;Приглашаем на работу, работы реально очень много! Час от 5 тыс, 50/50, предоставляем отдельную квартиру в ЖК бизнес-класса с хорошим ремонтом) от вас только приятная внешность и желание зарабатывать, мы действительно создали все условия для вашего комфорта и безопасности. Как только приедете, начнёте зарабатывать сразу же! Ночью не работаем, днём клиенты идут один за другим!!! Звоните или пишите WhatsApp 89775760098;Работа для девушек
Приглашаем девушек на работу!;Срочно приглашаем стройных, адекватных девочек на работу(апартаменты) без выезда! 18-35лет, сотрудничаем только с адекватными и без зависимостей!  У нас хорошие мужчины и они всегда рады встрече с вами. Оплата 50/50. Ждем вас с нетерпением милые дамы пишите строго на ватсап 89629339545;Работа для девушек
***самая эффективная реклама**-;Лучшие рекомендации!!! Самая Эффективная Реклама, )) результат с первого дня))) Размещение, обновление и поднятие Ваших анкет ) Прохождение всех проверок, получение кода))) Работаю давно, добросовестно и серьезно ))) Оплата по факту)) Звоните все расскажу по телефону 79167139228 )) Елена ЧЕСТНОСТЬ И ПОРЯДОЧНОСТЬ ГАРАНТИРУЕТСЯ))) Услуги по программированию : HTML CSS JS PHP Если не ответила на звонок, пишите в Вотсап;Реклама
Работа под инди;РАБОТА ДЛЯ ИНДИ Приглашаем девушек на работу в Москву и область. Гражданство не важно, работать можно вахтой или по графику. Высокая зарплата и дружный коллектив. Предоставляем бесплатное проживание. Звоните по телефону 89672998476 или пишите на ватсап;Работа для девушек
Приглашаем девушек на работу!;Приглашаем девочек на работу с проживанием метро Люблино 50 на 50 ценовая политика 2.500 и выше обращаться на WhatsApp 7926 340 80 21;Работа для девушек
Срочно!!! Работа для девушек!!!;Приглашаю 1 или 2 девушек для работы в Москве. Высокий стабильный заработок!!! Хорошие условия работы. График индивидуальный, проживание предоставляем. Звоните т.+79299348303;Работа для девушек
Работа Работа Работа;Приглашаем девушек 18 - 35 лет, с проживанием и по графику, цена 3500 руб/час, 60% ваши, з/п сразу, работа в раскрученном месте, отличные условия, дружный коллектив, гарантируем безопасность. Т.+7(968)628-10-59;Работа для девушек
Раскрученный салон!!! 60 % ваши!!!;Требуются девушки в раскрученный салон гостиничного типа в престижном районе. Ценовая политика 6000 руб/час Тел: +79096448162 От нас: 1) наличие администратора 2) уборщица 3) Работаем 60/40,при соблюдении определённых условий, в вашу пользу!!! 4) гарантия безопасности 5)большая база гостей 6)Обеспечиваем всеми необходимыми расходниками для работы 7 )никаких вычетов 8)Гибкий график. Возможно проживание.;Работа для девушек
Рекламные услуги для салонов и инди!!;Эффективные рекламные услуги без предоплат, индивидуальный подход, быстро и качественно За подробностями пишите в watsapp 89163582536;Реклама
Выгляжу хорошо, 53 кг 4 размер, рабочий вариант. Нужна работа под инди. Профи.;;Работа для девушек
Приглашаю напарницу ЦАО;Без вредных привычек, бальзаковского возраста.В переписку не вхожу т.977.901.60.77;Ищу напарницу
Рабочие фото, недорого. Проверка.;"Классные, рабочие фотографии. 100% гарантированное прохождение проверки. Помогаю с созданием анкеты. Телефон/телеграм/ватцап: +79688973033  Профессиональный фотограф с многолетним опытом. Есть свой студийный свет. Могу приехать к вам в апартаменты. Либо помогу с выбором фотостудии.  Фотографирую людей которые не любят и не умеют фотографироваться. Помогу, подскажу как правильно позировать. Делаю ретушь и цветокоррекцию, убираю прыщики, родинки, тату, улучшаю фигуру. На выходе получаем&hellip;";Услуги  фотографа
Купим заказы под 30%;Сеть салонов приглашает к сотрудничеству диспетчеров,работаем круглосуточно,берём всех, район юзао, работаем добросовестно,% переводим сразу,звоните 8-965-250-83-90;Ищу работу
Админ;У вас задержка в проверке фото, отправили 14.07 в 18.30, до сих пор не готово, в правилах 1-2дня написано. Уже две недели не можете разглядеть меня на фото, при том что фото без ретуши стоят, только глаза мозайка;Работа диспечера
Фото,Видео, ретушь для прохождения.Реклама;"Фотосессии+видеоролик по тематике сайта!!!Помогаю с позами, убираю тату, улучшаю фигуру РЕТУШЬ также ВАШИХ ФОТО!!!(Убираю татуировки!УЛУЧШАЮ ФИГУРУ!!! Также монтаж видео, убираю прыщи артефакты на коже (видео) https://vk.com/rshpakov1986?w=wall152128780_1718%2Fall Могу прислать фото ДО и ПОСЛЕ Примеры работ могу скинуть! +79118437282 Руслан! WhatsApp Telegram https://www.instagram.com/photo_ruslanshpakov https://vk.com/rshpakov1986 *Отзывы&hellip;";Реклама
Предлагаю работу под инди;Приглашаем девушек для работы в Москве. Прямой работодатель, без посредников. Предлагаем работу в апартаментах, с проживанием или по графику. У нас не салонные варианты. Работаем не круглосуточно. Проживание бесплатно. Без дополнительных выплат с вашей стороны. Ценовая категория осуждается индивидуально. По процентам 50/50. ЗП ежедневно без штрафов и вычетов! От Вас требуется желание работать и зарабатывать, ухоженный внешний вид! +79855065057 Whatsapp,Telegram.[цветок];Работа для девушек
Приглашаем девушек на работу 50 на 50;Дорогие девушки! Ждем вас на работу! От вас только приятная внешность и желание заработать! Хорошая база, рабочая реклама, диспетчера, которые качественно выполняют свою работу! Апартаменты в центре Москвы, график выбираете сами. Работаем 50 на 50. Звоните! +79031651299 - Мария;Работа для девушек
Приглашаем девушек желающих зарабатывать;Для вас хорошие условия,удобный график, безопасность, своя база постоянных гостей, чаевые допы ваши, проживание бесплатно, дружный коллектив, работа есть всегда,от вас позитивный настрой, желание работать, ухоженный внешний вид пиши звони 8 906 074 98 87;Работа для девушек
Приглашаем для работы девушек. 50/50%.;Высокооплачиваемая работа для девушек 18+ на апартаментах в Москве. - Оплата 50/50%. - ДОПы и Чай полностью Ваши. - Штрафы и вычеты ОТСУТСТВУЮТ!  Мы Вам предлагаем: 1. Хорошие апартаменты. 2. Ежедневный стабильный заработок. 3. Небольшой дружный коллектив. 4. Проживание приветствуется. Ждем ТОЛЬКО Вас!!!!!! 8-903-583-48-47;Работа для девушек
=++Реклама. Звонки есть всегда!;Полный спектр ведения Ваших анкет (размещение, продление, прохождение проверок и т.д.) Размещение на самых эффективных сайтах.Плюс ставлю рекламу на иностранных сайтах. Так же помогаю в поиске персонала. Демократические цены.Большой опыт работы. Оплата только по факту проделанной работы. Хотите постоянный поток звонков? Пишите reklamadosug@mail.ru WhatsApp +79584983511  ПОРЯДОЧНОСТЬ И ЧЕСТНОСТЬ ГАРАНТИРУЕТСЯ!;Реклама
Ищу работу диспетчером;Доброй ночи, ищу работу, опыт есть)))) возможно на подмену))) 89605805292;Работа диспечера
$$$$$$$ Реклама для вас $$$$$$$$;Рекламное агентство ищет любые салоны и индивидуалок для долгосрочного сотрудничества.Занимаемся раскруткой и продвижением рекламы для привлечения большого потока клиентов. Также если интересует реклама по набору девушек и персонала обращайтесь и мы пришлём вам условия сотрудничества. По всем интересующим вас вопросам обращайтесь на почтовый ящик rabota.moscow111@mail.ru Телеграм @rabotamoscow111 Также можете оставить свои контакты WhatsApp.;Реклама
______________Реклама всем__________;Предлагаем свои услуги по размещению рекламы интим-салонам, массажным салонам, а также индивидуалкам.Также помогаем в поиске девушек и персонала.Результаты с первых дней сотрудничества.Большой опыт работы в данной сфере.Обращайтесь кого интересует честное и долгосрочное сотрудничество. Telegram: @dosugxxx Почта: dosug.dosug001@mail.ru Ждём ваши контакты WhatsApp/Viber/Telegram и мы сразу с вами свяжемся.;Реклама
Приглашаем девушек.Работа под;Приглашаем девушек для работы в Москве! Прямой работодатель. Предлагаем уютные апартаменты с проживанием или по графику!Работаем не круглосуточно. Проживание бесплатно.Без дополнительных выплат с вашей стороны. Ценовая категория от 5 т.р и выше.50/50. ЗП ежедневно без штрафов и вычетов! От Вас требуется желание работать и зарабатывать, ухоженный внешний вид! +79855065057 Whatsapp,Telegram.[цветок];Работа для девушек
Ра;"*ЭЛИТНАЯ РАБОТА ДЛЯ КРАСИВЫХ МОЛОДЫХ ДЕВУШЕК В МОСКВЕ.. НЕ САЛОН*  &#128142;ИНДИВИДУАЛЬНО! &#128142; РАБОТА НА ВЫЕЗД! &#128142;НЕ САЛОН!&#128142;  &#9989; Типаж любой.  &#9989; От 18 до 25 лет, если выглядите моложе, отлично!  &#9989; Без лишнего веса.  &#9989; Хорошие внешние данные.  &#9989; Ответственность.  &#9989; Желание хорошо работать.  &#9989; Никаких проблем с алкоголем и наркотиками.  &#9989; &#128142; Элитная ценовая категория &#128142; от 100$ до 350$ за час.  &#9989;&hellip;";Работа для девушек
Проверочные и анкетные фото.;Фото и видео проверочные и анкетные! Приеду к Вам, или поедем в парк, или загород, на водоём и сделаю хорошие фото или видеоролик. Будут как студийные! Креативный подход, помощь с подбором стиля. Не ограничиваю по времени и количеству фото. Фото всегда проходят проверку! 100% прохождение проверки могу гарантировать только если и анкетные, и проверочные фото делаю я, а не по отдельности! Съемка стоит 4000 руб, ретушь 10 фото 1000 руб  89999631815 есть вотсап, телеграм;Услуги  фотографа
**самая эффективная реклама****;Лучшие рекомендации!!! Самая Эффективная Реклама, )) результат с первого дня))) Размещение, обновление и поднятие Ваших анкет ) Прохождение всех проверок, получение кода))) Работаю давно, добросовестно и серьезно ))) Оплата по факту)) Звоните все расскажу по телефону 79167139228 )) Елена ЧЕСТНОСТЬ И ПОРЯДОЧНОСТЬ ГАРАНТИРУЕТСЯ))) Услуги по программированию : HTML CSS JS PHP Если не ответила на звонок, пишите в Вотсап;Реклама
Работы много!!!;"Милые девушки, хочу Вам предложить работу наши условия! Час от 3000 до 7000 рублей + допы. Работа 50/50 все допы и чаевые ваши Ежедневные выплаты Работа под индивидуалок По своим фото Работа в апартаментах Оплат апартаментов за наш счёт, проживания в апартаментах.  У нас все гости пробиваются  Главные требования &#128129;&#9792;:  Возраст от 18 до 25 лет Желание и готовность работать Нарко и Алкоголь зависимые мимо";Работа для девушек
Жара опять! Ёклмн! Фото надо менять!;Делаю новые фото. Цена 3500 руб. Аренда студии, проверочные и ретушь (от 5 фото) включены в стоимость. Опытный фотограф со своей студией (более 20 лет съемок). Возможен визаж. Время и количество фото неограничено. Ретушь делаю в тот же день, все фото на разные интерьеры (монтаж). Оригиналы отдаю сразу же. Всем, кто сделает фото, подарки! Тел: 8-925-051-33-80, WhatsApp;Услуги  фотографа
,,,,,,,,Лучшая Элитная работа для девушки!;"ЭЛИТНО!&#128154; &#128142;ИНДИВИДУАЛЬНО! &#128142;НЕ салон!&#128142; &#10004;- ограничения по возрасту нет; &#10004;- бесплатно проживание в элитных апартаментах в центре Москвы; &#10004;- бесплатная фотосессия и реклама! &#10004;- бесплатно создание образа лучшими стилистами и визажистами Москвы! &#10004;- &#128142; Элитная &#128142;ценовая категория: от 15-20 тыс. Час и выше! &#10004;- заработная плата: от 500 тысяч в месяц; &#10004;- индивидуальный график работы; &#10004;- выходные и&hellip;";Работа для девушек
Рекламные услуги для салонов и инди!;Эффективные рекламные услуги без предоплат, индивидуальный подход, быстро и качественно За подробностями пишите в watsapp 89163582536;Реклама
Очень много работы, инди, от 5 тыс!;Приглашаем на работу, работы реально очень много! Час от 5 тыс, 50/50, предоставляем отдельную квартиру в ЖК бизнес-класса с хорошим ремонтом) от вас только приятная внешность и желание зарабатывать, мы действительно создали все условия для вашего комфорта и безопасности. Как только приедете, начнёте зарабатывать сразу же! Ночью не работаем, днём клиенты идут один за другим!!! Звоните или пишите WhatsApp 89775760098;Работа для девушек
Фото,Видео, ретушь для прохождения.Реклама;"Фотосессии+видеоролик по тематике сайта!!!Помогаю с позами, убираю тату, улучшаю фигуру РЕТУШЬ также ВАШИХ ФОТО!!!(Убираю татуировки!УЛУЧШАЮ ФИГУРУ!!! Также монтаж видео, убираю прыщи артефакты на коже (видео) https://vk.com/rshpakov1986?w=wall152128780_1718%2Fall Могу прислать фото ДО и ПОСЛЕ Примеры работ могу скинуть! +79118437282 Руслан! WhatsApp Telegram https://www.instagram.com/photo_ruslanshpakov https://vk.com/rshpakov1986 *Отзывы&hellip;";Реклама
Рабочие фото, недорого. Проверка.;"Классные, рабочие фотографии. 100% гарантированное прохождение проверки. Помогаю с созданием анкеты. Телефон/телеграм/ватцап: +79688973033  Профессиональный фотограф с многолетним опытом. Есть свой студийный свет. Могу приехать к вам в апартаменты. Либо помогу с выбором фотостудии.  Фотографирую людей которые не любят и не умеют фотографироваться. Помогу, подскажу как правильно позировать. Делаю ретушь и цветокоррекцию, убираю прыщики, родинки, тату, улучшаю фигуру. На выходе получаем&hellip;";Услуги  фотографа
ищем хороших девушек;Срочно приглашаем стройных, адекватных девочек на работу(апартаменты) без выезда! 18-35лет, сотрудничаем только с адекватными и без зависимостей!  У нас хорошие мужчины и они всегда рады встрече с вами. Оплата 50/50. Ждем вас с нетерпением милые дамы пишите строго на ватсап 89629339545;Работа для девушек
Работа для инди;Приглашаем девушек на работу в Москву и область. Гражданство не важно, работать можно вахтой или по графику. Высокая зарплата и дружный коллектив. Предоставляем бесплатное проживание. Звоните по телефону 8925 703 26 16;Работа для девушек
Ищу работу диспетчером ( администратором);С опытом работы. 2/2. 8 925 186 98 19;Работа диспечера
"Работа под инди &#128522;";"Требуются девушки приятной внешности для работы под инди. Цена часа зависит от ваших внешних данных. Многие по 5000р за чач работают у нас. Москва и Подмосковье. 50/50%, чай, допы ваши. Работа днем. Можно по графику, либо с проживанием. Вычетов за квартиру нету. Безопасно. Своя база клиентов, работы много. Только для адекватных, настрелянных на работу девушек. Нарко, алко зависимых не беспокоить! Однодневок, которые прыгают с места на место не беспокоить! Только для тех кому нужно много&hellip;";Работа для девушек
Купим заказы;Балашиха, Одинцово, в квартире по две девочки, час 5000р. Выезд 2 часа от 10.000р. Под 30%. Если действительно у вас есть заказы, в личку вотсап свой пишите, будем рады сотрудничеству!;Ищу работу
Профессиональная фотосессия;Приглашаю Вас на фотосъемку  Подберу фотостудию Помогу с выбором образа Помощь с позированием Так же возможна сьемка у Вас или в отеле, приезжаю со студийным светом Обращаясь ко мне, вы получаете: -качественные фото и ретушь -оперативность -индивидуальной подход -адекватные цены -конфиденциальность  Стоимость и примеры работ отправлю в WhatsApp +79265621923 Михаил;Услуги  фотографа
Куплю заказы на апартаменты;Покупаем заказы от 5000 час, работаем круглосуточно, апарты. Рады будем долгосрочному сотрудничеству 8967-150-1965;Ищу работу
Девочки! Срочно! Работа!!!;Приглашаем на работу с проживанием 50 на 50 метро Люблино! Работа есть. Обращаться на ватсап!  7926 340 80 21;Работа для девушек
Работа девушкам!!!!;Приглашаем девушек 18 - 35 лет, с проживанием и по графику, цена 3500 руб/час, 60% ваши, з/п сразу, работа в раскрученном месте, отличные условия, дружный коллектив, гарантируем безопасность. Т.+7(968)628-10-59;Работа для девушек
_____Приглашаем девушек и дам!Подмосковье!;"В хорошие апартаменты в Московской области требуются девушки!;-)Работы очень много!Не более двух девушек в квартире!БЕЗ КАКИХ ЛИБО ШТРАФОВ И ВЫЧЕТОВ ЗА КВАРТИРУ!АДЕКВАТНОЕ РУКОВОДСТВО! 89250198086 также WhatsApp[цветок][цветок]";Работа для девушек
ищу скаута;Ищем человека для набора персонала.В личку или в телегу @Soniy_32;Ищу скаута
Фото для анкет. Бюджет. Ретушь;"Профессиональная фотосъемка 4000р. Без ограничения по времени до получения результата.  Возможна съемка: 1. На пленере (на природе, на улицах города, в парках и т.д.).  2.В студии/гостинице (оплачиваются моделью отдельно).  3. В ваших апартаментах. (Без ограничения по времени, до получения результата).  В день съемок вы получаете все исходники на вашу электронную почту или же на любой удобный для вас облачный сервис + 10-15 откадрированных фото с цветокоррекцией. Отдельные фото по вашему&hellip;";Услуги  фотографа
!!!!!!!!!! Мощная реклама!!!!!!!!!!!!!!;Рекламное агентство ищет любые салоны и индивидуалок для долгосрочного сотрудничества.Занимаемся раскруткой и продвижением рекламы для привлечения большого потока клиентов. Также если интересует реклама по набору девушек и персонала обращайтесь и мы пришлём вам условия сотрудничества. По всем интересующим вас вопросам обращайтесь на почтовый ящик rabota.moscow111@mail.ru Телеграм @rabotamoscow111 Также можете оставить свои контакты WhatsApp.;Реклама
++Реклама. Звонки есть всегда!;Полный спектр ведения Ваших анкет (размещение, продление, прохождение проверок и т.д.) Размещение на самых эффективных сайтах.Плюс ставлю рекламу на иностранных сайтах. Так же помогаю в поиске персонала. Демократические цены.Большой опыт работы. Оплата только по факту проделанной работы. Хотите постоянный поток звонков? Пишите reklamadosug@mail.ru WhatsApp +79584983511  ПОРЯДОЧНОСТЬ И ЧЕСТНОСТЬ ГАРАНТИРУЕТСЯ!;Реклама
СРОЧНО!!!!Работа для девушек. Ваши-50%.;Для работы на апартаментах в Москве ПРИГЛАШАЕМ девушек 18+. Оплата 50/50. ДОПы и чай Ваши. Деньги сразу на руки. Проживание предоставляем, либо подберем график удобный именно Вам. Безопасность ГАРАНТИРУЕМ!!! Работаем давно, работы МНОГО. Звоните!!! Тел: 8-903-662-24-11;Работа для девушек
Рита;Я работаю сама мне нужно девушка самной работала метро Селигерская +79250889152;Ищу напарницу
____________Реклама всем___________;Предлагаем свои услуги по размещению рекламы интим-салонам, массажным салонам, а также индивидуалкам.Также помогаем в поиске девушек и персонала.Результаты с первых дней сотрудничества.Большой опыт работы в данной сфере.Обращайтесь кого интересует честное и долгосрочное сотрудничество. Telegram: @dosugxxx Почта: dosug.dosug001@mail.ru Ждём ваши контакты WhatsApp/Viber/Telegram и мы сразу с вами свяжемся.;Реклама
Вакансия массажистки;Приглашаем срочно симпатичных девушек без зависимостей на работу массажистками. Супер условия!Лучшие в Москве! Не квартира! Без выездов. Оплата в конце смены, график удобный. Вакансия срочная, количество мест ограничено! Тел.:8-968-908-22-31;Массажистки
Профессиональная съемка, фотограф-девушка;Эстетичные продающие снимки. 100% Прохождение проверки.Качественная ретушь без замыливания, помощь в позировании( фотограф профессиональная модель). Есть 2 пакета услуг по разной цене. Вместе продумаем образ, дополнительно можно заказать визажиста. Исходники отдаю в ДЕНЬ(!) съёмки. Далее выбираете понравившиеся на обработку.  Пишите тут или в телеграм @WARvara00;Услуги  фотографа
Требуются на работу девушки цены 6-8 час;Строго до 28 лет! Ухоженные, адекватные и коммуникабельные. В день от 20 тыс чистыми ваши. НАШИ КВАРТИРЫ РЕАЛЬНО ОХРАНЯЮТСЯ. Также сотрудничаем с диспетчерами. Телефон +79161065530, пишите в вотсап;Работа для девушек
Нужна девушка под инди!!!;Требуется девушка для работы под инди. в г. Зеленоград.Час от 6000 тр. работаем 50\\50. Работы много!!!;Работа для девушек
Работа для девушек!;Приглашаем на работу девушек приятной внешности от 18 до 35 лет. Отличные условия апартаменты гостиничного типа, уборщица, охрана. Час для гостя 6000, з/п сразу 60/40 в вашу пользу. Т.+7 903 778 34 72;Работа для девушек
Проверочные и анкетные фото или видео;Фото и видео проверочные и анкетные! Приеду к Вам, или поедем в парк, или загород, на водоём и сделаю хорошие фото или видеоролик. Будут как студийные! Креативный подход, помощь с подбором стиля. Не ограничиваю по времени и количеству фото. Фото всегда проходят проверку! 100% прохождение проверки могу гарантировать только если и анкетные, и проверочные фото делаю я, а не по отдельности! Съемка стоит 4000 руб, ретушь 10 фото 1000 руб  89999631815 есть вотсап, телеграм;Услуги  фотографа
Фото качественно, не дорого, анкеты;"Сделаю тебе качественные фото для анкеты, для себя, арт-ню, мет-арт, что угодно по запросу  Помогу с индивидуальнйо подачей себя на сайте  Разные локации, договорные цены  Снимаю в студии, дома, отеле, улице.  Кроме студийных съемок могу организовать фотосесси в живописных местах Подмосковья, на природе, заброшках, усадьбах, знаю много интересных локаций.  Цены обговариваются индивидуально в зависимости от потребностей. Работаем до результат. Проверочные фото входят в стоимость  Пишите в&hellip;";Услуги  фотографа
Массажистки, с опытом и без;Приглашаются на работу массажистки от 18 до 30лет. Можно без опыта, проводится обучение.Отличная подработка, или на постоянной основе.У нас небольшой дружный коллектив, хорошие условия, безопасность, лояльность, проживание. Деньги выдаются на руки, чаевые полностью ваши. Есть возможность неплохо зарабатывать, даже при графике 2/2. От вас желание работать, коммуникабельность, ответственность. За подробностями пишите на любой мессенджер или звоните +79035632808;Массажистки
Много работы под инди!!!;Приглашаем на работу, работы реально очень много! Час от 5 тыс, 50/50, предоставляем отдельную квартиру в ЖК бизнес-класса с хорошим ремонтом) от вас только приятная внешность и желание зарабатывать, мы действительно создали все условия для вашего комфорта и безопасности. Как только приедете, начнёте зарабатывать сразу же! Ночью не работаем, днём клиенты идут один за другим! Звоните или пишите WhatsApp 89775760098;Работа для девушек
Выезд без засвета!;Работаем только на выезд. Круглосуточно. Вы работаете по вашему графику. Можно с нашим водителем, можно на такси из дома. Такси за наш счет! По всем вопросам пишите в ватсап.;Работа для девушек
Рабочие фото, недорого. Проверка.;"Классные, рабочие фотографии. 100% гарантированное прохождение проверки. Помогаю с созданием анкеты. Телефон/телеграм/ватцап: +79688973033  Профессиональный фотограф с многолетним опытом. Есть свой студийный свет. Могу приехать к вам в апартаменты. Либо помогу с выбором фотостудии.  Фотографирую людей которые не любят и не умеют фотографироваться. Помогу, подскажу как правильно позировать. Делаю ретушь и цветокоррекцию, убираю прыщики, родинки, тату, улучшаю фигуру. На выходе получаем&hellip;";Услуги  фотографа
Куда поехать;Куда лучше поехать в Люберцы или в Сергиев посад;Прочее
Престижная работа;Срочно приглашаем стройных, адекватных девочек на работу(апартаменты) без выезда! 18-35лет, сотрудничаем только с адекватными и без зависимостей!  У нас хорошие мужчины и они всегда рады встрече с вами. Оплата 50/50. Ждем вас с нетерпением милые дамы пишите строго на ватсап 89629339545;Работа для девушек
Элитно!,,,,,,,,,,,,Работа,,,,,,,,,,Элитно!;"&#128142;ИНДИВИДУАЛЬНО! &#128142;НЕ салон!&#128142; &#10004;- ограничения по возрасту нет; &#10004;- бесплатно проживание в элитных апартаментах в центре Москвы; &#10004;- бесплатная фотосессия и реклама! &#10004;- бесплатно создание образа лучшими стилистами и визажистами Москвы! &#10004;- &#128142; Элитная &#128142;ценовая категория: от 15-20 тыс. Час и выше! &#10004;- заработная плата: от 500 тысяч в месяц; &#10004;- индивидуальный график работы; &#10004;- выходные и отпуск по Вашему&hellip;";Работа для девушек
Престижный салон!!! 60/40 в вашу пользу!!;Требуются девушки в раскрученный салон гостиничного типа в престижном районе. Ценовая политика 6000 руб/час Тел: +79096448162 От нас: 1) наличие администратора 2) уборщица 3) Работаем 60/40,при соблюдении определённых условий, в вашу пользу!!! 4) гарантия безопасности 5)большая база гостей 6)Обеспечиваем всеми необходимыми расходниками для работы 7 )никаких вычетов 8)Гибкий график. Возможно проживание.;Работа для девушек
Требуется диспетчер.Пишите на вацап 89652763986;;Работа диспечера
VIP работа в Москакк;"&#128142; *ДЕВУШКИ СРОЧНО ОТКРЫТ НАБОР НА VIP МЕСТА* Работаем исключительно на результат и на комфортную и безопасную работу наших девочек. &#128142; *ЦЕНА ЗА ЧАС: от 100$ до 350$* &#128142; *ЗАРПЛАТА: от 5000$ до 10000$ в месяц* &#128142; ГРАФИК РАБОТЫ: Обсуждается индивидуально с каждой девушкой&#8252;&#65039; &#128142; РАБОТА ТОЛЬКО НА ВЫЕЗД! НЕ САЛОН.  &#128142; РАБОТАЕМ 50/50. ЖИЛЬ&#203; НЕ ПРЕДОСТАВЛЯЕМ.  &#128142; *100% БЕЗОПАСНО. КЛИЕНТЫ ВСЕ ПРОВЕРЯЮТСЯ.* &#128142; РЕКЛАМА:&hellip;";Работа для девушек
Приглашаем диспетчера на работу;Хорошие условия, лояльное руководство, готовое рабочее место. Подробности по телефону 8(916)3028932;Работа диспечера
Рита;Я работаю одна ищу девушку самной работала звоните +79250889152;Ищу напарницу
Работа для девушек.Под инди.Не салон.;Приглашаем девушек для работы в Москве! Прямой работодатель. Предлагаем уютные апартаменты с проживанием или по графику!Работаем не круглосуточно. Проживание бесплатно.Без дополнительных выплат с вашей стороны. Ценовая категория от 5 т.р и выше.50/50. ЗП ежедневно без штрафов и вычетов! От Вас требуется желание работать и зарабатывать, ухоженный внешний вид! +79855065057 Whatsapp,Telegram.;Работа для девушек
Работа!Работа!;Приглашаем девушек 18 - 35 лет, с проживанием и по графику, цена 3500 руб/час, 60% ваши, з/п сразу, работа в раскрученном месте, отличные условия, дружный коллектив, гарантируем безопасность. Т.+7(968)628-10-59;Работа для девушек
Сдам посуточно на Выхино;Для работы, без консьержа и тамбура, сутки 2500;Аренда квартиры
Приглашаем СКАУТА;Ищем человека для набора персонала.В личку или в телегу @Soniy_32[нравится];Ищу скаута
..Проверочные, фотосет, ретушь++;Быстро, качественно, не дорого. 8 985 881 44 01 ЛИНА;Услуги  фотографа
Фото для анкет. Проверочные. Ретушь.;"Рофессиональная фотосъемка 4000р. Без ограничения по времени до получения результата.  Возможна съемка: 1. На пленере (на природе, на улицах города, в парках и т.д.).  2.В студии/гостинице (оплачиваются моделью отдельно).  3. В ваших апартаментах. (Без ограничения по времени, до получения результата).  В день съемок вы получаете все исходники на вашу электронную почту или же на любой удобный для вас облачный сервис + 10-15 откадрированных фото с цветокоррекцией. Отдельные фото по вашему&hellip;";Услуги  фотографа
++Реклама. Звонки есть всегда!!;Полный спектр ведения Ваших анкет (размещение, продление, прохождение проверок и т.д.) Размещение на самых эффективных сайтах.Плюс ставлю рекламу на иностранных сайтах. Так же помогаю в поиске персонала. Демократические цены.Большой опыт работы. Оплата только по факту проделанной работы. Хотите постоянный поток звонков? Пишите reklamadosug@mail.ru WhatsApp +79584983511;Реклама
___Работа ПОД ИНДИ. Москва. Оплата 50/50__;Приглашаем девушку для работы ПОД ИНДИ на апартаментах в Москве. Требование: возраст 18-35 лет, до 48 р-а одежды, приятная внешность, отсутствие вредных привычек, гражданство любое. Предлагаем: выгодные условия работы, комфортабельные апартаменты (проживание приветствуется), индивидуальный график, полное размещение и ведение рекламы, безопасность и конфидециальность ГАРАНТИРУЕМ!!! Оплата 50/50% сразу, ДОПы и Чай полностью Ваши. Штрафы и вычеты ОТСУТСТВУЮТ!!! 8-903-512-70-25;Работа для девушек
Работа в Туле для девушек и дам в возраст;Приглашаем девушек и женщин которые хотят зарабатывать. Работаем под инди. В квартире одна девочка, все допы и премии ваши, денюжка сразу. Условия работы супер не пожалеете, приезжайте. Звоните пишите в любое время 89256988122;Работа для девушек
Работа диспетчером(администратором).;Ищу работу. Опыт работы есть.2/2. Ответственная. 8 925 186 98 19 [реверанс];Работа для девушек
___________Реклама всем__________;Предлагаем свои услуги по размещению рекламы интим-салонам, массажным салонам, а также индивидуалкам.Также помогаем в поиске девушек и персонала.Результаты с первых дней сотрудничества.Большой опыт работы в данной сфере.Обращайтесь кого интересует честное и долгосрочное сотрудничество. Telegram: @dosugxxx Почта: dosug.dosug001@mail.ru Ждём ваши контакты WhatsApp/Viber/Telegram и мы сразу с вами свяжемся;Реклама
!!!!!!!!!!! Мощная реклама!!!!!!!!!!!!!!;Рекламное агентство ищет любые салоны и индивидуалок для долгосрочного сотрудничества.Занимаемся раскруткой и продвижением рекламы для привлечения большого потока клиентов. Также если интересует реклама по набору девушек и персонала обращайтесь и мы пришлём вам условия сотрудничества. По всем интересующим вас вопросам обращайтесь на почтовый ящик rabota.moscow111@mail.ru Телеграм @rabotamoscow111 Также можете оставить свои контакты WhatsApp.;Реклама
Ищу работу в Балашихе;Ценник до 3 тысяч. Обращаться в личку;Ищу работу
Проверочные и анкетные фото;Фото и видео проверочные и анкетные! Приеду к Вам, или поедем в парк, или загород, на водоём и сделаю хорошие фото или видеоролик. Будут как студийные! Креативный подход, помощь с подбором стиля. Не ограничиваю по времени и количеству фото. Фото всегда проходят проверку! 100% прохождение проверки могу гарантировать только если и анкетные, и проверочные фото делаю я, а не по отдельности! Съемка стоит 4000 руб, ретушь 10 фото 1000 руб  89999631815 есть вотсап, телеграм;Услуги  фотографа
Элитная работа на выезд!!;"*ЭЛИТНАЯ РАБОТА ДЛЯ КРАСИВЫХ МОЛОДЫХ ДЕВУШЕК В МОСКВЕ.. НЕ САЛОН*  &#128142;ИНДИВИДУАЛЬНО! &#128142; РАБОТА НА ВЫЕЗД! &#128142;НЕ САЛОН!&#128142;  &#9989; Типаж любой.  &#9989; От 18 до 25 лет, если выглядите моложе, отлично!  &#9989; Без лишнего веса.  &#9989; Хорошие внешние данные.  &#9989; Ответственность.  &#9989; Желание хорошо работать.  &#9989; Никаких проблем с алкоголем и наркотиками.  &#9989; &#128142; Элитная ценовая категория &#128142; от 100$ до 350$ за час.  &#9989;&hellip;";Работа для девушек
Ищу работу диспетчером.;Диспетчер с опытом работы.  8 925 186 98 19;Работа диспечера
Сдам посуточно на Беляево;Под работу,ремонт евро.;Аренда квартиры
Требуется диспетчер на выезда;Требуется диспетчер желательно профи своего дела, график два через два, отдельный от девочек офис. Для работы все имеется, помощ с рекламой по набору девочек. Оплачиваемый выход если не прошло ни одного заказа, или 20% с прибыли. Более подробно отвечу на все вопросы по телефону 8(916)302-8932;Работа диспечера
Приглашаем на работу;Срочно приглашаем стройных, адекватных девочек на работу(апартаменты) без выезда! 18-35лет, сотрудничаем только с адекватными и без зависимостей!  У нас хорошие мужчины и они всегда рады встрече с вами. Оплата 50/50. Ждем вас с нетерпением милые дамы пишите строго на ватсап 89629339545;Работа для девушек
Требуется оператор;Срочно требуется оператор на входящие звонки. График 7/7 или 15/15. Высокая зарплата. С 10 утра до 2 ночи. Город Балашиха или Железнодорожный, звоните 8925 703 26 16;Работа диспечера
Приглашаем девушек на работу;Приглашаем девушек для работы на апартаментах от 18 лет. Находимся на северо западе Москвы, готовы предоставить бесплатное проживание. Много постоянных клиентов, цены от 5k. Звоните, или пишите в любое время отвечу на все вопросы 8967-150-196;Работа для девушек
Ищу работу Москве;Всем привет девочки подскажите где можно найти работу с проживанием не больше двух девочек ценик от 6 т час просьба напишите Вацап 89929999923;Работа для девушек
Профессиональная фотосессия;Приглашаю Вас на фотосъемку Подберу фотостудию Помогу с выбором образа Помощь с позированием Так же возможна сьемка у Вас или в отеле, приезжаю со студийным светом  Обращаясь ко мне, вы получаете: -качественные фото и ретушь -оперативность -индивидуальной подход -адекватные цены -конфиденциальность  Стоимость и примеры работ отправлю в WhatsApp +79265621923 Михаил;Услуги  фотографа
Престижный салон! 60% ваши!!!;Требуются девушки в раскрученный салон гостиничного типа в престижном районе. Ценовая политика 6000 руб/час Тел: +79096448162 От нас: 1) наличие администратора 2) уборщица 3) Работаем 60/40,при соблюдении определённых условий, в вашу пользу!!! 4) гарантия безопасности 5)большая база гостей 6)Обеспечиваем всеми необходимыми расходниками для работы 7 )никаких вычетов 8)Гибкий график. Возможно проживание.;Работа для девушек
Девушки, приглашаем вас на работу!;От вас мы просим приятную внешность, возраст от 18 до 36 и желание заработать! Хорошая база, рабочая реклама, диспетчера, которые качественно выполняют свою работу! Апартаменты в центре Москвы, график выбираете сами. Работаем 50 на 50. Звоните или пишите в любые мессенджеры! +79652923738 - Лена;Работа для девушек
Рабочие фото, недорого. Проверка.;"Классные, рабочие фотографии. 100% гарантированное прохождение проверки. Помогаю с созданием анкеты. Телефон/телеграм/ватцап: +79688973033  Профессиональный фотограф с многолетним опытом. Есть свой студийный свет. Могу приехать к вам в апартаменты. Либо помогу с выбором фотостудии.  Фотографирую людей которые не любят и не умеют фотографироваться. Помогу, подскажу как правильно позировать. Делаю ретушь и цветокоррекцию, убираю прыщики, родинки, тату, улучшаю фигуру. На выходе получаем&hellip;";Услуги  фотографа
Девочки, много работы!! Инди;Приглашаем на работу, работы реально очень много! Час от 5 тыс, 50/50, предоставляем отдельную квартиру в ЖК бизнес-класса с хорошим ремонтом) от вас только приятная внешность и желание зарабатывать, мы действительно создали все условия для вашего комфорта и безопасности. Как только приедете, начнёте зарабатывать сразу же! Ночью не работаем, днём клиенты идут один за другим! Звоните или пишите WhatsApp 89775760098;Работа для девушек
!Работа для девушек!;Приглашаем девушек 18 - 35 лет, с проживанием и по графику, цена 3500 руб/час, 60% ваши, з/п сразу, работа в раскрученном месте, отличные условия, дружный коллектив, гарантируем безопасность. Т.+7(968)628-10-59;Работа для девушек
Работа.Под инди.Не салон.;Приглашаем девушек для работы в Москве! Прямой работодатель. Предлагаем уютные апартаменты с проживанием или по графику!Работаем не круглосуточно. Проживание бесплатно.Без дополнительных выплат с вашей стороны. Ценовая категория от 5 т.р и выше.50/50. ЗП ежедневно без штрафов и вычетов! От Вас требуется желание работать и зарабатывать, ухоженный внешний вид! +79855065057 Whatsapp,Telegram.;Работа для девушек
Работа в Одинцово;Всем привет, приглашаем 1-2 девушек для работы под инди, по графику, вахтой или с проживанием. Работаем по 3000, 50/50, с 12-00 до 02-00, есть время для себя любимой) Сразу, на берегу озвучиваю, что дамы с зависимостью не приработаются. Коллектив не большой, но дружный, все адекватные. Диспетчера с огромным стажем, русское руководство, без штрафов и вычитов! Кому реально нужна работа в адекватном коллективе звоните 89150942816.всем хорошего дня;Работа для девушек
Диспетчер;Ищу работу диспетчера,для инди или салон.;Работа диспечера
Фото рабочие и проверочные не дорого;"Сделаю тебе качественные фото для анкеты, для себя, арт-ню, мет-арт, что угодно по запросу  Помогу с индивидуальнйо подачей себя на сайте  Разные локации, договорные цены  Снимаю в студии, дома, отеле, улице.  Кроме студийных съемок могу организовать фотосесси в живописных местах Подмосковья, на природе, заброшках, усадьбах, знаю много интересных локаций  Цены обговариваются индивидуально в зависимости от потребностей. Работаем до результат. Проверочные фото входят в стоимость  Пишите в&hellip;";Услуги  фотографа
Проф фотограф, проверочные, ретушь;"Рофессиональная фотосъемка 4000р. Без ограничения по времени до получения результата.  Возможна съемка: 1. На пленере (на природе, на улицах города, в парках и т.д.).  2.В студии/гостинице (оплачиваются моделью отдельно).  3. В ваших апартаментах. (Без ограничения по времени, до получения результата).  В день съемок вы получаете все исходники на вашу электронную почту или же на любой удобный для вас облачный сервис + 10-15 откадрированных фото с цветокоррекцией. Отдельные фото по вашему&hellip;";Услуги  фотографа
Требуются массажистки;Приглашаются массажистки от 20 до 35 лет, без в\\п Пишите в личные сообщения;Массажистки
Провероч фото;Много лет работала с менеджерами-диспетчерами и никогда не высылала проверочных фото... сейчас решила работать сама и требуют фото проверочное, без него не включают анкеты...почему так?:-(:~-(;Услуги  фотографа
Фото,Видео, ретушь для прохождения.Реклама;"Фотосессии+видеоролик по тематике сайта!!!Помогаю с позами, убираю тату, улучшаю фигуру РЕТУШЬ также ВАШИХ ФОТО!!!(Убираю татуировки!УЛУЧШАЮ ФИГУРУ!!! Также монтаж видео, убираю прыщи артефакты на коже (видео) https://vk.com/rshpakov1986?w=wall152128780_1718%2Fall Могу прислать фото ДО и ПОСЛЕ Примеры работ могу скинуть! +79118437282 Руслан! WhatsApp Telegram https://www.instagram.com/photo_ruslanshpakov https://vk.com/rshpakov1986 *Отзывы&hellip;";Реклама
Квартира посуточно2300;Шаговая доступность от метро Новогиреево, изолированная двушка, в личку.;Аренда квартиры
++Реклама. Звонки есть всегда!!!;Полный спектр ведения Ваших анкет (размещение, продление, прохождение проверок и т.д.) Размещение на самых эффективных сайтах.Плюс ставлю рекламу на иностранных сайтах. Так же помогаю в поиске персонала. Демократические цены.Большой опыт работы. Оплата только по факту проделанной работы. Хотите постоянный поток звонков? Пишите reklamadosug@mail.ru WhatsApp +79584983511  ПОРЯДОЧНОСТЬ И ЧЕСТНОСТЬ ГАРАНТИРУЕТСЯ!;Реклама
Не салон!,,,,,,,,,,Работа!,,,,,,,,Элитно!!;"&#128142;ИНДИВИДУАЛЬНО! &#128142;НЕ салон!&#128142; &#10004;- ограничения по возрасту нет; &#10004;- бесплатно проживание в элитных апартаментах в центре Москвы; &#10004;- бесплатная фотосессия и реклама! &#10004;- бесплатно создание образа лучшими стилистами и визажистами Москвы! &#10004;- &#128142; Элитная &#128142;ценовая категория: от 15-20 тыс. Час и выше! &#10004;- заработная плата: от 500 тысяч в месяц; &#10004;- индивидуальный график работы; &#10004;- выходные и отпуск по Вашему&hellip;";Работа для девушек
$$$$$$Ищем салоны и индивидуалок$$$$$;Рекламное агентство ищет любые салоны и индивидуалок для долгосрочного сотрудничества.Занимаемся раскруткой и продвижением рекламы для привлечения большого потока клиентов. Также если интересует реклама по набору девушек и персонала обращайтесь и мы пришлём вам условия сотрудничества. По всем интересующим вас вопросам обращайтесь на почтовый ящик rabota.moscow111@mail.ru Телеграм @rabotamoscow111 Также можете оставить свои контакты WhatsApp;Реклама
____________Реклама всем__________;Предлагаем свои услуги по размещению рекламы интим-салонам, массажным салонам, а также индивидуалкам.Также помогаем в поиске девушек и персонала.Результаты с первых дней сотрудничества.Большой опыт работы в данной сфере.Обращайтесь кого интересует честное и долгосрочное сотрудничество. Telegram: @dosugxxx Почта: dosug.dosug001@mail.ru Ждём ваши контакты WhatsApp/Viber/Telegram и мы сразу с вами свяжемся;Реклама
___________реклама~результат сразу________;Реклама под ключ для салонов. Апартаменты и выезд. Проходящие номера. Продления.  8-985-353-88-64 whatsapp/telegram;Реклама
"Работа в Москве! &#9989;";"Требуются девушки от 18 до 35 лет. Бесплатное проживание&#9989; Работа под Инди&#9989; Проживание по 2 девушки в квартире &#9989; Ежедневные выплаты&#9989; Работа есть всегда, никаких вычетов и штрафов!! Безопасность и конфиденциальность гарантируем!! Звоните!! Пишите!! 8-985-645-94-67";Работа для девушек
Профессиональная съемка, фотограф-девушка;Эстетичные продающие снимки. 100% Прохождение проверки.Качественная ретушь без замыливания, помощь в позировании( фотограф профессиональная модель). Есть 2 пакета услуг по разной цене. Вместе продумаем образ, дополнительно можно заказать визажиста. Исходники отдаю в ДЕНЬ(!) съёмки. Далее выбираете понравившиеся на обработку.  Пишите тут или в телеграм @WARvara00;Услуги  фотографа
Работу для девушек!!!;Требуется девушки на работу от 18 до 35,без вредных привычек, работа на потоке, работы очень много, все вопросы по телефону, 89774293571;Работа для девушек
работа на поток!!!;Срочно приглашаем стройных, адекватных девочек на работу(апартаменты)!!!Сотрудничаем только с адекватными и без зависимостей!Можно с проживанием!!! Работы много!!!Подробности по тел.89852427146;Работа для девушек
Жаркие фото на природе;Фото и видео проверочные и анкетные! Приеду к Вам, или поедем в парк, или загород, на водоём и сделаю хорошие фото или видеоролик. Будут как студийные! Креативный подход, помощь с подбором стиля. Не ограничиваю по времени и количеству фото. Фото всегда проходят проверку! 100% прохождение проверки могу гарантировать только если и анкетные, и проверочные фото делаю я, а не по отдельности! Съемка стоит 4000 руб, ретушь 10 фото 1000 руб  89999631815 есть вотсап, телеграм;Услуги  фотографа
приглашаем массажисток! много работы$!;Требуются девушки в раскрученный массажный салон, с большой базой постоянных клиентов. Работа есть и ее много. Выплаты каждый день. Проживание бесплатно. Без вредных привычек! Вся информация по телефону 89035314869;Массажистки
__________реклама для вас _________;Рекламное агентство ищет любые салоны и индивидуалок для долгосрочного сотрудничества.Занимаемся раскруткой и продвижением рекламы для привлечения большого потока клиентов. Также если интересует реклама по набору девушек и персонала обращайтесь и мы пришлём вам условия сотрудничества. По всем интересующим вас вопросам обращайтесь на почтовый ящик rabota.moscow111@mail.ru Телеграм @rabotamoscow111 Также можете оставить свои контакты WhatsApp.;Реклама
Работа с проживанием в Мск.;Приглaшаем дeвушек в мcк со всех регионов России и стран СНГ от +18, рабoтa на апартаментах, есть проживание, отсутствие штрафoв, все полностью безопаснo Ежедневный раcчет, мнoгo рабoты, приятный ценник! Пpи oбращении пишитe что с фоpума. WhatsApp: +7 992-021-6843;Работа для девушек
Приглашаем стройных;Срочно приглашаем стройных, адекватных девочек на работу(апартаменты) без выезда! 18-35лет, сотрудничаем только с адекватными и без зависимостей!  У нас хорошие мужчины и они всегда рады встрече с вами. Оплата 50/50. Ждем вас с нетерпением милые дамы пишите строго на ватсап 89629339545;Работа для девушек
Нужны массажистки;МОСКВА! ПРИГЛАШАЮТСЯ ДЕВУШКИ! Возраст от 18 до 35лет. Есть разные районы Москвы. Заработок весьма неплохой, при стандартном графике. Деньги выдаются на руки, после смены. Мы ищем ответственных, позитивных, и с желанием зарабатывать. Взамен предлагаем бесплатное проживание, хороший коллектив, высокая стабильная ЗП,удобный график. Приходите на собеседование 89035632669;Массажистки
Работа на выезд! 30/70%;Девушки! Предлагаем работу на выезд! 30 на 70(70% ваши) За подробностями пиши смелее, я тебе все расскажу! 8-910-440-57-52;Работа для девушек
Работа для девушек;Требуются девушки 2500-3500 с проживанием в москве. Гражданство не важно. Иногородним предоставим бесплатное жилье в Москве. Пишите в ватсап или звоните 8925 703 26 16;Работа для девушек
Рабочие фото, недорого. Проверка.;"Классные, рабочие фотографии. 100% гарантированное прохождение проверки. Помогаю с созданием анкеты. Телефон/телеграм/ватцап: +79688973033  Профессиональный фотограф с многолетним опытом. Есть свой студийный свет. Могу приехать к вам в апартаменты. Либо помогу с выбором фотостудии.  Фотографирую людей которые не любят и не умеют фотографироваться. Помогу, подскажу как правильно позировать. Делаю ретушь и цветокоррекцию, убираю прыщики, родинки, тату, улучшаю фигуру. На выходе получаем&hellip;";Услуги  фотографа
Раскрученный салон! 60% ваши!!;Требуются девушки в раскрученный салон гостиничного типа в престижном районе. Ценовая политика 6000 руб/час Тел: +79096448162 От нас: 1) наличие администратора 2) уборщица 3) Работаем 60/40,при соблюдении определённых условий, в вашу пользу!!! 4) гарантия безопасности 5)большая база гостей 6)Обеспечиваем всеми необходимыми расходниками для работы 7 )никаких вычетов 8)Гибкий график. Возможно проживание.;Работа для девушек
Работа на лучших условиях!!!;Работа для девушек от 18 лет на хороших условиях. Работаем довел. Много клиентов. График индивидуальный. Можно с проживанием. Звоните т. +79299348303;Работа для девушек
Работа в апартаментах.Не салон.Под инди;Приглашаем девушек для работы в Москве! Прямой работодатель. Предлагаем уютные апартаменты с проживанием или по графику!Работаем не круглосуточно. Проживание бесплатно.Без дополнительных выплат с вашей стороны. Ценовая категория от 5 т.р и выше.50/50. ЗП ежедневно без штрафов и вычетов! От Вас требуется желание работать и зарабатывать, ухоженный внешний вид! +79855065057 Whatsapp,Telegram.;Работа для девушек
!Работа Работа Работа!;Приглашаем девушек 18 - 35 лет, с проживанием и по графику, цена 3500 руб/час, 60% ваши, з/п сразу, работа в раскрученном месте, отличные условия, дружный коллектив, гарантируем безопасность. Т.+7(968)628-10-59;Работа для девушек
Приглашаем девушек желающих зарабатывать;Для вас апартаменты, безопасность, удобный график, дружный коллектив, чаевые допы ваши, наличие своей базы постоянных гостей, стабильный доход, от вас наличие или желание сделать фотосет, позитивный настрой, ухоженный внешний вид, желание работать ценовая категория 3-6 тч пиши звони 8 906 074 98 87;Работа для девушек
Фотосессия + реклама + ретушь;Эффективная реклама, фотосессия и ретушь. Качественное обслуживание. Большой спектр рекламы + отчеты по ней. Прохождение всех проверок, получение кода. Размещение, обновление и поднятие Ваших анкет. 89263887172;Реклама
Работа для девушек, поток!!!;Срочно приглашаются девушки,работаем на поток, работа есть, работать некому,хорошие условия и апартаменты,метро Ленинский проспект, чай и допы-ваши,звоните 8-965-218-17-33;Работа для девушек
Работа,Инди;Работа для девушек. От вас: стрессоустойчивость, позитивный настрой,  ухоженная и приятная внешность, умение общаться с клиентами,  ответственный подход к работе. От меня: выгодные условия работы, оплата и размещение рекламы, работа диспетчера с приятным  голосом) и доведение клиента до места, безопасность и конфиденциальнось.Звоните тел. +79636540752:-[;Работа для девушек
Требуется СКАУТ!;Ищу человека для набора персонала, долгосрочное сотрудничество! Телеграм @Soniy_32 [реверанс][реверанс][реверанс];Ищу скаута
Приглашаем для работы девушек. 50/50%.;Работа для девушек на апартаментах в Москве. - Оплата 50/50%. - ДОПы и Чай полностью Ваши. - Штрафы и вычеты ОТСУТСТВУЮТ!!!  Мы Вам предлагаем: 1. Хорошие апартаменты. 2. Ежедневный стабильный заработок. 3. Небольшой дружный коллектив. 4. Проживание приветствуется.  Ждем ТОЛЬКО Вас!!!!!! 8-903-583-48-47;Работа для девушек
Фото для анкет. Проверочные. Ретушь.;"Профессиональная фотосъемка 4000р. Без ограничения по времени до получения результата.  Возможна съемка: 1. На пленере (на природе, на улицах города, в парках и т.д.).  2.В студии/гостинице (оплачиваются моделью отдельно).  3. В ваших апартаментах. (Без ограничения по времени, до получения результата).  В день съемок вы получаете все исходники на вашу электронную почту или же на любой удобный для вас облачный сервис + 10-15 откадрированных фото с цветокоррекцией. Отдельные фото по вашему&hellip;";Услуги  фотографа
Диспетчер;Ищу работу диспетчера,по условиям писать в личку.;Работа диспечера
++Реклама. Звонки есть всегда!!!!;Полный спектр ведения Ваших анкет (размещение, продление, прохождение проверок и т.д.) Размещение на самых эффективных сайтах.Плюс ставлю рекламу на иностранных сайтах. Так же помогаю в поиске персонала. Демократические цены.Большой опыт работы. Оплата только по факту проделанной работы. Хотите постоянный поток звонков? Пишите reklamadosug@mail.ru WhatsApp +79584983511  ПОРЯДОЧНОСТЬ И ЧЕСТНОСТЬ ГАРАНТИРУЕТСЯ!;Реклама
Фото рабочие проверочные не дорого;"Сделаю тебе качественные фото для анкеты, для себя, арт-ню, мет-арт, что угодно по запросу  Помогу с индивидуальнйо подачей себя на сайте  Разные локации, договорные цены  Снимаю в студии, дома, отеле, улице.  Кроме студийных съемок могу организовать фотосесси в живописных местах Подмосковья, на природе, заброшках, усадьбах, знаю много интересных локаций  Цены обговариваются индивидуально в зависимости от потребностей. Работаем до результат. Проверочные фото входят в стоимость  Пишите в&hellip;";Услуги  фотографа
