key;page
селигерские проститутка;/metro-seligerskaya
проститутки в выхино -жулебино;/metro-vyhino
проститутки в селигерском метро;/metro-seligerskaya
проститутки в печатниках;/metro-pechatniki
проститутки озерная;/metro-ozernaya
проститутка славянский бульвар на метро;/metro-slavyanskiy-bulyvar
проститутки метро озерное;/metro-ozernaya
проститутки у метро озерная;/metro-ozernaya
проститутки метро озерная;/metro-ozernaya
проститутки метро озёрной;/metro-ozernaya
проститутки на метро озерная;/metro-ozernaya
проститутки в метро авиамоторная;/metro-aviamotornaya
проститутки скобелевская;/metro-ulica-skobelevskaya
проститутка метро саларьево;/metro-salaryevo
проститутки беременные;/osobenost-beremennie
проститутки фрунзенская;/metro-frunzenskaya
селигёрская шлюха;/metro-seligerskaya
проститутка метро парк победа;/metro-park-pobedy
проститутка парк культуры;/metro-park-kulytury
м селигерская проститутки;/metro-seligerskaya
проститутки окружное;/metro-okrughnaya
проститутки окружная;/metro-okrughnaya
индивидуалки на бауманской;/metro-baumanskaya
проститутки у метро марьина роща;/metro-maryina-roscha
индивидуалки на щукинской;/metro-schukinskaya
индивидуалка зябликово;/metro-zyablikovo
проститутки пятницкое метро;/metro-pyatnickoe-shosse
проститутки метро скобелевская;/metro-ulica-skobelevskaya
проститутки скобелевская метро;/metro-ulica-skobelevskaya
индивидуалка семёновская;/metro-semenovskaya
индивидуалки у метро текстильщики;/metro-tekstilyschiki
проститутки москве метро селигерская;/metro-seligerskaya
проститутка москве метро селигерская;/metro-seligerskaya
индивидуалки саларьева;/metro-salaryevo
проститутки дешевые на селигерской;/metro-seligerskaya
проститутки дёшево селигерская;/metro-seligerskaya
индивидуалки озерная;/metro-ozernaya
индивидуалки озёрный;/metro-ozernaya
индивидуалки на озёрной;/metro-ozernaya
индивидуалки на озерной;/metro-ozernaya
проститутки на улица скобелевская;/metro-ulica-skobelevskaya
секс авиамоторная;/metro-aviamotornaya
пятницкое шоссе индивидуалки;/metro-pyatnickoe-shosse
индивидуалки на пятницком шоссе;/metro-pyatnickoe-shosse
индивидуалка пятницкое шоссе;/metro-pyatnickoe-shosse
индивидуалки пятницкое шоссе;/metro-pyatnickoe-shosse
румянцево метро проститутки;/metro-rumyancevo
дешевле проститутка на метро селигерская;/metro-seligerskaya
дешевле проститутки метро селигерская;/metro-seligerskaya
дешевые проститутки метро селигерская;/metro-seligerskaya
бульвар ушакова проститутки;/metro-bulyvar-admirala-ushakova
секс текстильщики;/metro-tekstilyschiki
индивидуалки румянцева;/metro-rumyancevo
проститутка беременную москва;/osobenost-beremennie
проститутки москвы беременные;/osobenost-beremennie
беременные проститутки москва;/osobenost-beremennie
проститутки м щукинская;/metro-schukinskaya
шлюхи щукинская;/metro-schukinskaya
проститутка москва метро авиамоторная;/metro-aviamotornaya
индивидуалки окружной;/metro-okrughnaya
проститутка метро селигерская узбечка;/metro-seligerskaya
братиславская секс;/metro-bratislavskaya
проститутка спартак метро;/metro-spartak
проститутка елена;/post/209
дешевые проститутки м парк культуры;/metro-park-kulytury
метро озерная дешево проститутки;/metro-ozernaya
эротический массаж метро селигерская;/metro-seligerskaya
проститутка аврора;/post/3689
проститутки метро достоевская;/metro-dostoevskaya
проститутка метро улица скобелевская;/metro-ulica-skobelevskaya
проститутки м. славянский бульвар;/metro-slavyanskiy-bulyvar
метро текстильщики секс;/metro-tekstilyschiki
проститутки м бауманская;/metro-baumanskaya
проститутка метро парк культуры;/metro-park-kulytury
индивидуалки пятницкое шоссе метро;/metro-pyatnickoe-shosse
шлюхи метро озёрное;/metro-ozernaya
индивидуалки метро пятницкое шоссе;/metro-pyatnickoe-shosse
индивидуалки у метро севастопольская;/metro-sevastopolyskaya
м беляево индивидуалки;/metro-belyaevo
индивидуалки беременные;/osobenost-beremennie
проститутки м озёрная;/metro-ozernaya
наташа проститутка;/post/65
надя проститутка;/post/3676
проститутки селигерская 1500;/metro-seligerskaya
проститутки на селигерском за 1500;/metro-seligerskaya
беременная проститутка снять;/osobenost-beremennie
проститутка марго;/post/5407
проститутка метро улица горчакова;/metro-ulica-gorchakova
